1over,2over,3over,4over,5over,6over,7over,8over,9over,10over,11over,12over,13over,14over,15over,16over,17over,18over,19over,20over,21over,22over,23over,24over,25over,26over,27over,28over,29over,30over,31over,32over,33over,34over,35over,36over,37over,38over,39over,40over,result,year,match_number
4/1,5/1,9/1,25/1,40/1,60/1,65/1,74/1,96/1,107/2,110/3,124/3,131/4,141/4,145/5,151/6,155/6,165/6,169/7,174/8,12/0,17/0,37/0,58/0,75/0,80/0,86/0,91/0,96/1,104/1,115/1,119/2,127/2,138/2,157/2,167/3,177/3,177/3,177/3,177/3,chased,2025,1473438
10/0,24/0,45/0,55/1,78/1,94/1,106/1,115/1,123/1,135/2,147/2,156/2,178/2,196/2,208/3,219/3,233/3,256/3,273/4,286/6,16/0,25/2,35/2,50/2,57/3,77/3,82/3,96/3,108/3,118/3,122/3,125/3,151/3,161/4,169/5,173/5,195/5,217/5,232/5,242/6,defend,2025,1473439
4/1,17/1,21/2,30/2,44/3,52/3,59/3,66/3,76/3,82/3,91/4,92/4,96/6,100/6,110/6,118/6,120/7,128/8,141/9,155/9,5/0,12/1,24/1,35/1,48/1,62/1,74/1,79/2,92/2,96/3,100/3,108/4,112/4,116/4,119/5,125/5,135/5,150/5,152/6,158/6,chased,2025,1473440
7/0,12/0,33/0,40/0,50/1,64/1,89/1,98/1,108/1,117/1,125/1,133/2,161/2,162/3,170/4,176/4,178/6,188/6,194/8,209/8,6/2,8/3,17/3,32/3,45/3,58/4,66/5,72/5,83/5,88/5,95/5,101/5,116/6,133/6,148/6,168/6,171/7,188/8,204/9,211/9,chased,2025,1473441
8/0,16/0,28/0,42/1,63/1,73/1,85/2,94/2,96/2,104/2,105/4,108/4,125/4,139/4,156/4,166/5,190/5,210/5,220/5,243/5,5/0,15/0,17/0,36/0,51/0,61/1,75/1,82/1,93/1,104/1,121/1,138/1,152/2,169/2,174/2,182/2,187/2,199/3,217/3,232/5,defend,2025,1473442
9/0,14/0,26/0,34/1,41/1,54/1,59/1,67/2,71/3,76/4,82/5,84/5,92/5,103/5,110/6,112/6,123/6,131/6,138/8,151/9,2/0,7/0,20/0,29/0,35/0,40/0,44/1,55/1,61/1,70/1,80/2,90/2,103/2,109/2,118/2,125/2,135/2,153/2,153/2,153/2,chased,2025,1473443
6/0,15/0,27/2,45/2,54/2,62/2,71/2,80/3,89/3,96/3,103/3,110/4,122/4,128/4,143/5,156/6,169/7,180/8,183/9,190/9,3/0,14/1,31/1,49/1,66/1,77/1,96/1,111/1,120/2,129/2,138/3,149/3,154/4,163/4,176/5,189/5,193/5,193/5,193/5,193/5,chased,2025,1473444
9/0,25/0,32/0,37/0,45/1,56/1,71/1,77/2,83/2,93/2,109/2,116/2,119/3,134/3,138/3,153/4,167/4,176/5,177/7,196/7,7/0,8/2,13/2,18/2,26/3,30/3,40/3,45/3,53/4,65/4,73/4,75/4,81/6,88/6,98/6,101/7,107/7,121/7,130/8,146/8,defend,2025,1473445
7/0,14/0,26/0,31/0,46/0,66/0,71/0,75/0,79/1,92/1,101/1,109/1,121/1,134/2,140/2,151/3,170/3,179/4,186/6,196/8,9/1,24/1,30/1,32/1,44/2,48/2,54/2,69/2,80/2,86/2,97/2,99/3,108/4,112/4,118/4,120/5,124/6,134/6,151/6,160/6,defend,2025,1473446
11/1,20/1,29/3,37/3,50/4,58/4,74/4,90/4,98/4,105/4,115/5,119/6,121/6,123/7,140/7,149/8,156/8,161/8,163/10,163/10,2/0,11/0,26/0,39/0,48/0,52/0,66/0,74/0,81/0,96/2,114/2,119/3,128/3,142/3,150/3,166/3,166/3,166/3,166/3,166/3,chased,2025,1473447
9/1,23/1,29/1,45/1,64/1,79/1,84/1,87/2,92/2,99/2,112/2,129/3,134/3,140/4,145/5,153/5,165/5,166/6,175/8,182/9,0/1,4/1,5/1,16/1,28/1,42/1,46/1,54/2,62/2,74/3,84/3,93/4,99/4,111/4,122/4,129/5,138/5,144/5,163/5,176/6,defend,2025,1473448
1/1,15/2,25/2,33/3,36/3,41/4,45/5,59/5,65/5,69/5,80/7,84/7,90/8,94/8,101/9,110/9,116/10,116/10,116/10,116/10,1/0,15/0,28/0,42/0,44/0,55/1,62/1,70/1,73/1,89/1,97/2,105/2,121/2,121/2,121/2,121/2,121/2,121/2,121/2,121/2,chased,2025,1473449
3/1,7/1,20/1,33/2,36/3,39/3,49/3,58/3,61/3,76/3,88/3,91/4,101/4,108/4,117/4,125/5,136/5,156/5,164/5,171/7,12/0,20/0,27/1,37/1,47/1,62/1,78/1,90/1,99/1,110/1,116/2,120/2,127/2,143/2,155/2,171/2,177/2,177/2,177/2,177/2,chased,2025,1473450
6/0,12/1,15/2,27/2,35/3,38/3,48/4,49/4,66/4,73/4,80/4,91/4,94/5,103/5,105/6,119/6,129/6,149/6,153/7,169/8,5/0,11/0,15/0,26/0,33/1,42/1,52/1,57/1,75/1,82/1,88/1,105/1,111/2,122/2,134/2,141/2,150/2,170/2,170/2,170/2,chased,2025,1473451
7/0,14/1,17/2,26/2,38/2,53/2,61/2,71/2,75/2,84/2,97/3,104/3,108/4,113/4,122/4,134/4,149/4,166/4,187/4,200/6,6/1,9/2,9/3,14/3,29/3,33/3,51/4,56/4,63/4,72/5,80/6,84/6,91/6,106/6,114/7,117/9,120/10,120/10,120/10,120/10,defend,2025,1473452
6/0,21/0,32/0,35/0,46/0,69/0,76/1,88/1,92/2,100/2,108/3,116/3,123/3,138/3,146/3,159/4,168/4,177/5,188/6,203/8,9/0,13/1,25/2,46/2,55/2,64/2,75/2,86/2,89/3,101/3,111/3,113/3,125/3,133/3,143/3,152/3,164/4,175/4,182/5,191/5,defend,2025,1473453
1/1,20/1,24/1,32/1,43/1,51/1,60/2,67/2,76/2,82/2,92/3,103/3,113/3,121/3,138/3,146/3,155/4,161/4,176/4,183/6,10/0,15/1,20/2,25/2,36/2,46/3,49/3,52/3,59/3,69/4,76/5,80/5,86/5,96/5,106/5,112/5,117/5,130/5,143/5,158/5,defend,2025,1473454
10/0,13/0,21/0,40/0,47/0,53/0,62/0,69/0,79/0,85/0,92/1,105/1,122/1,135/2,142/3,150/3,160/3,177/3,186/4,205/4,11/2,16/2,25/2,31/3,39/3,43/3,45/4,50/4,59/4,78/4,83/4,95/4,110/4,121/4,131/5,136/6,142/7,145/8,150/8,155/9,defend,2025,1473455
3/0,15/0,20/0,38/0,43/0,59/0,72/0,78/0,88/0,95/0,106/1,122/1,138/1,154/1,170/1,178/2,193/2,217/2,227/3,238/3,16/0,31/0,45/1,60/1,73/1,90/1,96/2,107/2,116/2,129/2,136/2,149/2,162/3,166/4,173/5,185/6,194/7,201/7,215/7,234/7,defend,2025,1473456
9/1,20/1,24/1,37/1,38/2,45/2,49/2,52/3,58/3,64/3,73/3,77/3,89/3,101/4,105/4,108/5,120/6,132/6,135/8,152/8,4/0,8/0,15/1,17/2,28/2,48/2,56/2,64/2,76/2,82/2,90/2,98/2,106/2,112/3,130/3,141/3,153/3,153/3,153/3,153/3,chased,2025,1473457
8/1,17/1,33/1,43/1,53/1,73/1,81/1,85/1,95/2,100/2,105/2,112/2,123/2,143/2,151/4,169/4,192/4,198/4,213/5,221/5,13/0,25/1,34/1,38/2,52/2,54/2,59/2,73/2,78/2,84/3,90/3,99/4,116/4,138/4,157/4,170/4,181/4,194/5,203/6,209/9,defend,2025,1473458
17/0,24/1,32/2,46/2,54/3,75/3,81/3,83/5,89/5,94/5,108/5,128/5,151/5,158/6,164/6,170/6,182/6,193/6,207/6,219/6,9/0,13/0,22/0,39/0,47/0,59/0,62/1,69/2,79/2,91/2,101/2,110/2,120/2,139/2,145/2,152/3,161/3,177/4,192/4,201/5,defend,2025,1473459
7/0,14/0,21/1,31/1,49/1,56/1,67/1,81/1,88/1,94/2,100/2,110/2,124/2,140/2,145/2,163/3,176/4,187/4,201/6,217/6,9/0,12/1,18/2,34/2,45/2,57/2,65/3,69/4,74/4,85/4,101/4,115/4,119/5,127/6,139/6,145/8,152/9,154/9,158/9,159/10,defend,2025,1473460
7/0,23/0,53/0,62/1,64/1,64/2,74/3,84/3,89/3,91/4,94/4,102/4,105/5,112/5,117/6,121/6,125/6,127/7,144/7,163/7,1/0,9/1,21/2,30/2,31/3,39/3,42/3,52/3,60/4,66/4,67/4,80/4,94/4,99/4,121/4,134/4,146/4,169/4,169/4,169/4,chased,2025,1473461
7/0,16/0,33/0,37/0,41/2,42/3,48/3,55/3,63/3,75/3,76/3,79/5,83/5,90/5,102/5,116/5,123/5,148/5,164/5,173/6,8/0,13/0,28/0,38/1,49/1,62/1,71/2,73/2,88/2,92/2,102/3,109/3,114/4,121/4,128/4,140/4,156/4,164/4,176/4,176/4,chased,2024,1422119
10/0,21/0,33/0,40/1,51/1,54/1,68/1,74/2,79/2,86/2,95/3,103/3,111/4,117/5,124/5,128/6,137/6,146/7,149/8,174/9,17/0,25/0,34/0,42/2,53/2,60/2,67/2,75/2,83/2,87/3,98/3,103/4,108/4,112/4,130/4,136/4,147/4,165/4,169/6,177/6,chased,2024,1422120
3/0,23/1,27/1,32/3,39/3,43/3,49/3,53/4,66/4,77/4,91/4,105/4,113/5,119/6,123/6,141/6,159/6,174/6,200/6,208/7,12/0,17/0,27/0,40/0,58/0,65/1,67/1,77/2,85/2,99/2,105/2,108/3,111/4,115/4,128/4,133/4,149/5,170/5,196/5,204/7,defend,2024,1422121
3/0,13/1,24/1,32/1,49/2,54/2,59/2,63/2,84/2,89/2,104/2,110/2,119/2,128/2,143/3,149/3,158/4,171/4,179/4,193/4,4/1,10/1,11/2,22/3,32/3,47/3,57/3,61/4,66/4,76/4,93/4,102/4,122/4,129/4,134/4,145/4,152/5,156/6,167/6,173/6,defend,2024,1422122
11/0,18/0,27/0,31/1,43/1,47/1,56/1,66/2,69/2,82/2,99/2,104/3,106/3,114/3,124/3,133/3,135/5,154/5,161/5,168/6,2/1,11/1,30/2,40/2,46/2,52/2,55/2,64/2,71/2,88/2,97/2,107/2,112/3,121/3,126/3,130/4,133/4,142/5,150/7,162/9,defend,2024,1422123
7/0,9/0,21/1,24/1,34/1,40/1,50/1,61/1,72/2,78/2,92/2,98/3,102/4,111/4,128/4,132/4,139/4,152/5,156/6,176/6,16/0,21/0,28/1,41/1,47/2,50/2,56/2,61/2,77/2,85/2,88/3,103/3,106/4,113/4,118/4,130/5,141/6,154/6,167/6,178/6,chased,2024,1422124
2/0,13/0,25/0,41/0,58/0,69/1,74/1,84/1,92/1,104/1,119/2,126/2,128/3,141/3,155/3,165/3,172/3,183/3,198/4,206/6,7/0,17/0,28/1,32/1,35/2,43/2,52/2,57/3,67/3,80/3,93/3,97/4,103/4,110/4,114/5,120/6,121/7,128/7,135/8,143/8,defend,2024,1422125
7/0,18/0,40/0,45/0,58/1,81/1,102/1,117/2,128/2,148/2,161/3,173/3,180/3,191/3,202/3,214/3,232/3,243/3,256/3,277/3,9/0,27/0,50/0,59/1,67/2,76/2,91/2,102/2,119/2,141/2,151/3,165/3,170/3,182/3,185/4,190/4,210/4,224/5,231/5,246/5,defend,2024,1422126
4/0,9/1,12/1,26/1,29/1,31/2,35/2,38/3,46/3,58/3,73/3,77/3,88/3,93/4,108/4,123/4,138/4,145/5,160/5,185/5,2/0,15/0,29/0,34/2,47/2,59/2,63/2,73/2,80/2,89/2,93/2,99/3,105/3,109/4,120/4,126/5,145/5,154/5,169/5,173/5,defend,2024,1422127
7/0,17/1,34/1,43/1,46/1,61/1,64/1,74/1,82/2,85/2,87/2,104/2,109/2,124/2,134/3,141/3,148/4,153/5,166/5,182/6,18/0,32/0,46/0,53/0,64/0,85/0,89/1,93/2,104/2,112/2,132/2,137/2,144/2,150/2,167/2,176/3,186/3,186/3,186/3,186/3,chased,2024,1422128
5/0,12/0,23/0,35/1,45/1,54/2,61/2,65/2,80/3,88/3,95/3,115/3,125/3,136/4,146/4,157/5,162/5,182/5,191/7,199/8,5/0,16/0,32/0,39/0,45/0,61/0,65/0,73/0,88/0,98/0,101/0,107/1,121/1,129/2,136/2,140/3,144/5,152/5,159/5,178/5,defend,2024,1422129
11/0,20/0,27/0,34/0,41/1,56/1,60/2,64/2,69/2,74/3,83/3,90/3,104/3,109/4,122/5,128/5,137/5,147/5,159/5,162/8,7/0,18/0,25/0,36/0,45/1,52/1,58/1,63/1,74/1,78/2,83/2,90/2,98/2,108/2,114/2,138/2,147/3,156/3,162/3,168/3,chased,2024,1422130
7/0,10/0,19/0,24/0,42/0,62/0,75/0,80/0,91/0,95/1,104/2,111/2,121/2,129/2,134/4,143/4,148/4,162/4,179/5,191/5,3/1,6/1,7/2,17/2,23/2,32/2,38/2,47/2,58/2,75/2,78/3,92/3,101/3,103/5,113/5,120/5,134/6,146/6,151/6,171/6,defend,2024,1422131
1/2,13/2,16/3,20/4,30/4,46/4,59/4,65/4,75/4,77/5,83/5,89/6,95/6,97/7,102/7,111/7,112/8,114/8,115/9,125/9,10/1,17/1,30/1,41/1,44/2,46/2,50/3,60/3,68/3,73/3,84/3,87/3,94/4,101/4,111/4,127/4,127/4,127/4,127/4,127/4,chased,2024,1422132
12/0,19/0,32/0,36/0,46/0,54/1,59/1,62/1,73/2,84/2,90/2,102/2,121/2,129/3,131/3,141/3,143/4,148/5,168/5,181/5,3/0,13/0,25/0,36/0,42/1,48/3,54/3,59/4,60/4,63/4,72/4,85/4,94/5,103/5,104/6,123/6,136/7,138/9,152/9,153/10,defend,2024,1422133
7/0,17/0,32/0,58/0,70/1,88/1,93/1,112/1,126/1,135/1,150/1,162/1,171/2,181/3,195/3,205/3,224/3,239/4,264/5,272/7,11/0,21/1,26/2,27/3,40/4,51/4,65/4,70/4,83/4,87/4,97/4,125/4,129/6,148/6,159/7,161/8,166/9,166/10,166/10,166/10,defend,2024,1422134
7/0,18/0,29/1,35/1,41/1,52/1,57/1,65/1,75/2,83/2,91/2,105/2,119/2,123/3,134/3,141/3,153/3,166/4,186/4,199/4,13/0,19/1,27/1,39/1,48/1,54/2,61/2,68/3,73/4,83/4,100/4,110/4,119/5,131/5,138/5,153/6,159/6,175/6,193/6,200/7,chased,2024,1422135
7/0,13/0,25/0,26/1,33/1,48/1,54/1,65/2,80/2,84/2,90/2,105/2,115/2,120/3,127/4,132/4,139/4,152/4,158/4,165/5,8/0,35/0,46/1,57/1,64/1,78/1,84/1,90/1,101/1,107/2,112/2,118/2,123/2,132/3,135/3,143/4,151/4,160/4,166/4,166/4,chased,2024,1422136
8/0,21/0,29/0,42/0,45/0,53/0,60/0,64/0,79/0,88/0,98/0,107/0,115/0,125/1,129/2,144/2,154/2,165/3,169/3,183/3,1/1,9/1,16/1,25/1,34/1,54/1,63/1,77/1,84/1,95/1,109/1,124/1,136/1,145/1,152/2,160/3,170/4,175/4,183/4,189/4,chased,2024,1422137
7/0,21/0,33/0,46/0,60/0,75/0,80/1,84/2,92/2,105/2,113/3,120/3,123/4,131/4,138/4,150/4,167/4,183/5,202/5,234/5,7/0,11/0,15/0,24/1,33/1,46/1,53/1,69/1,84/1,94/1,107/1,111/2,127/2,138/2,144/3,153/4,172/4,180/4,201/5,205/8,defend,2024,1422138
6/1,14/1,18/2,31/2,43/2,47/2,54/2,63/2,70/2,74/2,84/2,88/2,93/3,98/3,114/4,121/4,126/4,143/4,155/5,163/5,5/0,18/0,22/0,35/0,47/0,54/1,56/1,58/2,61/4,67/4,71/4,80/4,82/5,92/5,93/7,102/8,115/8,120/8,130/10,130/10,defend,2024,1422139
1/1,7/1,26/1,37/1,50/1,56/1,61/3,63/3,66/4,70/4,77/4,85/5,88/5,94/5,99/5,109/5,113/6,122/6,135/7,137/9,4/0,11/0,26/0,29/1,41/1,52/1,66/1,67/1,74/1,81/1,89/1,96/1,99/2,109/2,115/2,128/2,135/3,141/3,141/3,141/3,chased,2024,1426260
4/0,10/0,26/0,28/2,39/3,40/3,47/3,56/3,61/3,66/4,81/4,90/4,100/4,111/5,133/5,146/5,152/7,156/8,171/8,182/9,1/0,2/1,11/2,14/2,20/3,27/3,40/3,49/3,58/3,66/4,74/4,84/4,91/4,97/5,105/5,116/6,133/6,144/6,154/6,180/6,defend,2024,1426261
6/0,13/0,22/0,28/0,41/1,43/2,49/2,52/2,65/2,73/2,82/2,89/2,104/2,118/2,134/2,139/2,154/2,162/2,177/3,196/3,5/0,15/0,18/0,26/0,30/0,44/0,51/0,63/0,67/1,76/1,83/3,91/3,102/3,111/4,124/4,138/5,155/5,162/6,182/6,199/7,chased,2024,1426262
7/0,14/0,18/1,28/2,35/2,44/2,54/2,67/2,76/2,89/2,93/2,107/3,111/4,121/4,130/4,149/4,154/6,168/6,177/8,196/8,2/0,9/0,23/0,32/0,55/0,72/0,84/0,92/0,103/1,111/1,135/1,151/2,169/2,181/3,188/3,199/3,199/3,199/3,199/3,199/3,chased,2024,1426263
10/0,17/0,28/1,40/1,47/2,57/2,64/2,67/4,76/4,80/5,84/5,90/6,94/7,100/7,114/7,121/7,128/7,143/7,156/7,167/7,7/0,16/0,22/0,30/1,45/1,62/1,63/2,69/2,73/2,75/2,90/2,100/2,121/2,136/2,145/3,150/4,158/4,164/4,170/4,170/4,chased,2024,1426264
4/0,17/0,26/0,28/1,31/1,38/1,42/2,47/3,50/3,53/4,58/4,70/4,72/5,75/5,86/5,103/5,111/6,123/7,141/7,147/8,9/0,14/0,16/0,29/0,36/0,43/0,49/0,56/0,58/1,66/1,79/1,83/2,88/2,90/3,99/3,105/3,114/4,128/5,138/7,152/7,chased,2024,1426265
10/0,20/1,28/1,34/1,39/2,49/2,54/2,60/2,64/2,72/2,88/3,95/4,99/4,109/4,113/5,118/5,126/5,144/5,155/5,161/7,22/0,28/1,42/1,44/2,49/2,58/2,68/2,80/2,88/2,101/2,105/2,113/2,127/2,143/2,156/2,162/2,162/2,162/2,162/2,162/2,chased,2024,1426266
6/0,9/1,18/1,24/1,38/1,48/1,52/1,61/2,65/2,80/2,92/2,102/2,110/2,132/2,149/2,151/3,161/3,173/3,180/3,206/4,5/0,13/0,25/0,38/0,53/0,63/0,70/0,75/2,81/2,90/2,108/2,118/2,124/2,130/3,132/3,135/4,154/5,160/6,173/6,186/6,defend,2024,1426267
7/0,27/0,31/0,38/0,56/0,76/0,97/0,108/0,119/1,128/1,142/1,158/1,171/2,189/2,205/2,217/2,231/3,241/3,266/3,287/3,10/0,21/0,39/0,56/0,70/0,79/0,84/1,100/2,111/3,122/5,127/5,135/5,160/5,181/5,187/6,199/6,216/6,230/6,244/7,262/7,defend,2024,1426268
2/0,12/0,20/0,26/1,40/1,56/1,64/1,74/1,89/1,100/1,110/2,125/2,133/3,146/3,161/3,184/3,191/4,198/5,214/5,223/6,11/0,23/1,36/1,46/1,53/2,76/2,85/2,98/3,101/4,109/4,115/4,121/4,125/6,128/6,145/6,162/6,178/7,196/8,215/8,224/8,chased,2024,1426269
6/0,12/1,23/1,28/2,30/4,30/4,39/4,43/4,54/6,61/6,65/6,68/7,71/7,75/7,78/8,81/8,88/8,89/10,89/10,89/10,14/0,25/1,31/2,42/2,65/3,67/4,74/4,84/4,92/4,92/4,92/4,92/4,92/4,92/4,92/4,92/4,92/4,92/4,92/4,92/4,chased,2024,1426270
7/0,18/0,27/1,36/1,43/1,54/1,58/1,68/1,77/1,86/1,96/1,101/2,109/2,115/2,130/2,148/2,156/3,167/4,185/4,192/7,12/1,14/3,21/4,28/4,39/4,40/4,50/5,60/5,76/5,87/6,100/6,111/6,120/7,128/7,141/7,165/7,168/7,170/8,181/9,183/10,defend,2024,1426271
4/0,7/1,20/1,29/1,42/2,51/2,57/2,68/2,74/3,81/3,87/3,89/4,93/5,98/5,105/5,113/5,123/5,142/6,157/6,176/6,3/0,12/0,24/0,32/0,43/0,54/0,63/0,75/0,84/0,89/0,103/0,110/0,113/0,121/0,134/1,146/1,161/1,165/2,180/2,180/2,chased,2024,1426272
19/0,40/0,62/0,83/0,103/0,125/0,133/2,138/2,154/3,158/4,162/4,175/4,184/4,194/4,205/4,210/4,221/5,230/5,250/5,266/7,16/1,25/2,55/2,61/2,81/2,88/2,109/3,131/3,136/4,138/4,143/4,153/4,157/5,159/5,166/6,179/6,188/6,199/6,199/9,199/10,defend,2024,1426273
12/0,23/0,27/0,55/0,63/1,75/3,83/3,93/3,102/4,107/4,114/4,126/4,137/4,142/5,149/5,155/5,177/5,186/6,206/6,222/6,12/0,27/0,35/1,45/2,52/2,74/2,78/2,89/2,100/2,122/2,137/2,145/4,155/6,164/6,174/6,181/6,186/6,192/7,202/8,221/10,defend,2024,1426274
2/0,23/0,34/0,42/0,45/0,56/1,63/2,67/3,70/3,74/3,80/4,86/5,90/5,93/6,97/6,107/7,114/7,125/7,139/8,142/10,7/0,12/0,21/0,29/1,36/1,44/1,51/1,58/1,65/1,68/2,72/2,78/3,86/3,91/3,101/4,105/5,118/5,138/5,142/7,146/7,chased,2024,1426275
6/1,9/2,20/2,21/3,27/3,45/3,50/3,56/4,66/4,72/4,82/4,95/4,101/4,120/4,131/4,151/4,161/5,170/5,176/6,179/9,11/0,13/0,19/0,35/0,44/0,61/0,68/0,74/1,83/1,95/1,110/1,113/1,123/1,135/1,151/1,160/1,170/1,175/1,183/1,183/1,chased,2024,1426276
4/1,20/1,25/1,37/1,48/1,49/2,56/2,66/2,74/2,85/2,93/2,102/3,111/3,119/3,135/3,154/3,162/3,178/3,195/3,210/4,1/1,11/1,21/1,29/1,33/2,45/2,51/2,63/2,78/2,83/2,88/3,98/3,115/3,124/3,137/3,157/3,164/4,179/4,194/4,213/4,chased,2024,1426277
10/0,22/0,34/0,36/2,43/2,44/3,49/3,59/3,68/3,80/3,93/3,105/3,111/3,120/3,127/3,143/3,157/4,171/4,193/4,224/4,9/0,24/1,41/1,50/1,60/1,67/1,71/1,79/1,92/1,98/2,109/3,119/3,127/4,139/4,147/5,152/6,176/6,188/7,206/8,220/8,defend,2024,1426278
10/0,24/0,43/0,49/1,51/1,61/1,65/2,73/2,84/2,94/2,121/2,127/2,132/3,136/3,142/4,157/4,167/5,179/5,194/6,206/7,3/1,11/1,31/1,37/2,56/4,62/4,68/4,72/5,85/5,89/6,104/6,119/6,123/6,126/7,132/7,141/8,144/8,159/8,163/8,171/8,defend,2024,1426279
7/0,20/0,38/0,59/0,70/0,76/0,83/0,105/0,118/0,137/0,144/1,151/1,169/2,176/2,190/2,206/3,215/3,239/3,249/4,261/6,8/0,22/0,45/0,57/0,69/0,93/1,94/1,108/1,120/1,132/1,149/1,173/1,179/2,196/2,201/2,210/2,228/2,253/2,262/2,262/2,chased,2024,1426280
19/0,37/0,55/0,69/0,89/0,92/0,113/0,116/1,124/1,128/2,138/2,154/2,166/2,181/3,190/3,199/3,208/3,234/3,240/4,257/4,14/0,29/0,35/0,45/1,54/2,65/3,72/3,82/3,101/3,115/3,120/3,134/3,141/5,152/5,173/5,187/5,194/5,217/6,233/7,247/9,defend,2024,1426281
8/1,11/2,20/2,26/2,36/2,46/2,54/2,75/2,81/2,94/2,112/2,126/2,135/3,141/3,150/3,156/4,171/4,178/5,184/5,196/5,13/0,20/0,28/0,37/0,50/0,60/1,63/2,70/2,78/3,81/3,93/3,110/3,115/3,135/3,144/3,160/3,170/3,186/3,199/3,199/3,chased,2024,1426282
6/1,13/1,24/1,28/1,35/1,42/1,47/2,59/2,72/2,82/2,92/2,108/2,125/2,131/2,138/3,148/3,156/3,171/3,184/3,200/3,5/0,20/0,37/0,41/1,48/1,63/1,74/1,81/1,90/1,98/1,110/1,123/1,134/1,148/1,177/1,206/1,206/1,206/1,206/1,206/1,chased,2024,1426283
4/0,13/0,19/1,30/1,45/1,50/1,59/1,67/1,82/1,92/1,101/1,115/1,123/1,134/2,148/2,159/2,176/2,192/2,200/2,212/3,7/0,21/2,33/2,42/3,45/3,53/3,59/3,70/3,73/4,78/4,86/5,95/5,102/5,106/5,109/5,118/6,124/7,128/8,134/10,134/10,defend,2024,1426284
15/0,18/1,30/2,42/3,58/3,67/3,68/4,73/4,80/4,93/4,94/5,99/5,101/6,106/7,112/8,128/8,136/8,139/8,143/9,153/9,23/0,27/0,40/0,46/0,61/0,79/0,84/1,96/1,100/2,104/3,113/3,121/3,130/3,134/3,141/3,151/3,157/3,157/3,157/3,157/3,chased,2024,1426285
2/0,8/1,20/2,22/2,27/2,28/4,36/4,41/4,49/4,57/4,65/4,68/4,73/4,80/5,96/5,106/5,112/5,123/6,127/7,144/7,1/1,8/1,11/1,26/1,46/1,52/1,57/1,61/2,71/2,79/2,88/2,91/2,99/2,103/3,116/4,122/4,123/4,132/5,142/6,145/6,chased,2024,1426286
4/0,14/0,20/0,23/0,37/0,55/0,60/0,64/0,67/2,71/3,76/3,81/3,85/3,90/3,102/3,111/4,131/4,146/5,149/6,162/7,12/0,16/0,19/0,29/1,39/1,52/1,62/1,73/1,82/1,96/2,99/2,113/3,122/3,135/3,135/3,146/3,155/3,163/3,163/3,163/3,chased,2024,1426287
6/0,14/0,21/0,25/0,35/1,37/2,44/2,48/2,66/2,75/2,84/2,92/2,113/2,123/2,131/3,146/3,162/3,174/3,186/3,201/3,1/2,6/2,21/2,35/2,50/2,60/2,69/2,81/2,90/2,100/2,111/2,118/2,132/2,143/3,157/3,160/4,175/4,182/5,189/6,200/7,defend,2024,1426288
14/1,16/1,28/3,37/3,51/4,57/4,60/5,68/5,72/5,83/5,91/5,106/5,109/5,121/5,128/5,133/5,153/7,155/9,167/9,169/10,6/0,16/1,25/1,38/1,41/2,46/3,49/3,54/3,61/4,67/4,71/5,82/6,90/6,110/6,119/6,124/7,127/7,138/7,145/10,145/10,defend,2024,1426289
1/0,3/1,7/1,14/2,18/2,23/3,34/3,41/3,49/3,61/3,72/3,84/4,88/5,93/5,102/5,121/5,130/5,136/7,147/7,147/10,14/0,34/0,46/0,64/0,78/0,92/1,100/2,107/4,108/4,112/5,117/6,133/6,143/6,152/6,152/6,152/6,152/6,152/6,152/6,152/6,chased,2024,1426290
6/0,13/1,22/1,34/1,41/1,60/1,69/1,71/3,76/4,79/4,90/4,99/4,103/5,109/5,117/5,122/6,136/6,149/6,151/8,167/9,2/0,9/2,11/2,16/2,31/2,47/2,56/2,62/3,68/4,72/5,75/5,77/5,79/7,80/7,91/8,105/8,112/8,121/9,132/9,139/9,defend,2024,1426291
10/0,18/0,37/0,57/0,68/1,70/1,81/1,86/1,100/1,110/1,129/1,140/2,155/2,162/2,171/3,178/4,190/4,200/5,217/5,235/6,11/0,20/1,30/1,43/1,47/1,55/1,65/1,76/2,85/3,96/4,100/4,107/5,111/6,125/7,130/8,137/9,137/10,137/10,137/10,137/10,defend,2024,1426292
7/0,21/0,28/0,32/0,51/0,56/1,67/1,71/2,82/2,88/2,92/3,96/4,101/5,107/5,120/5,125/7,136/8,148/8,156/8,173/8,13/0,27/1,31/1,31/2,36/3,52/3,74/3,79/3,83/3,84/3,93/3,105/3,119/3,128/3,139/3,149/3,167/3,174/3,174/3,174/3,chased,2024,1426293
6/0,16/0,31/0,59/0,68/1,78/2,84/2,98/2,109/2,115/3,129/3,142/3,146/4,151/5,156/5,164/5,168/5,189/5,203/6,221/8,7/1,9/1,27/1,42/1,57/1,67/2,70/2,78/2,86/2,93/2,103/3,113/3,131/3,148/3,159/3,170/4,181/5,185/7,193/7,201/8,defend,2024,1426294
3/0,13/0,15/1,20/1,23/2,27/2,30/2,45/2,49/2,57/3,65/3,69/4,73/4,90/4,102/4,112/4,126/4,131/4,146/4,165/4,8/0,25/0,47/0,64/0,87/0,107/0,126/0,143/0,157/0,167/0,167/0,167/0,167/0,167/0,167/0,167/0,167/0,167/0,167/0,167/0,chased,2024,1426295
11/0,19/0,20/1,36/1,44/2,56/2,72/2,90/2,106/2,119/3,125/3,133/3,144/3,153/3,164/3,185/3,200/3,217/4,238/4,241/7,14/1,21/1,27/1,45/1,61/1,75/2,80/2,96/2,107/3,114/3,125/4,132/5,146/5,153/6,164/7,174/8,181/10,181/10,181/10,181/10,defend,2024,1426296
14/0,21/0,32/0,43/0,46/0,58/0,72/0,79/0,94/0,107/0,130/0,143/0,160/0,179/0,190/0,196/0,209/0,213/2,219/2,231/3,2/1,3/2,10/3,22/3,33/3,43/3,58/3,72/3,77/3,86/3,106/3,119/3,125/4,134/4,143/5,162/5,168/6,170/8,180/8,196/8,defend,2024,1426297
10/1,15/2,25/2,40/2,45/3,52/3,61/3,77/3,87/4,97/4,106/4,116/5,125/6,136/6,147/6,157/7,157/7,157/7,157/7,157/7,6/0,17/0,31/0,46/0,59/0,62/0,65/1,71/2,76/2,81/2,88/3,92/4,101/5,117/6,136/6,139/8,139/8,139/8,139/8,139/8,defend,2024,1426298
3/0,7/0,14/0,27/0,36/0,42/0,46/1,49/1,56/2,61/2,68/2,74/2,79/2,89/2,94/3,103/3,113/3,124/3,131/3,141/5,4/0,16/0,28/0,34/1,45/1,56/1,66/1,67/2,74/2,77/2,84/2,87/3,92/3,107/4,116/4,121/5,129/5,137/5,145/5,145/5,chased,2024,1426299
10/0,23/0,25/1,37/2,51/2,61/2,76/2,87/2,99/2,110/2,118/2,121/2,131/3,134/3,138/4,147/4,169/4,174/6,179/7,187/9,9/1,24/1,28/3,30/4,43/4,54/4,63/4,71/4,81/4,87/5,90/6,100/6,116/6,124/6,127/7,130/8,133/8,135/9,140/9,140/10,defend,2024,1426300
6/1,14/1,35/1,51/1,56/1,73/1,79/1,88/1,97/2,106/2,111/2,115/3,121/3,132/3,136/3,154/3,163/4,175/4,196/4,208/4,7/1,12/1,24/2,44/3,48/4,59/4,69/4,73/5,85/5,97/5,101/5,105/6,117/6,128/6,135/7,149/7,167/8,180/8,186/9,189/9,defend,2024,1426302
9/1,15/1,21/1,31/1,34/1,38/1,41/2,43/3,53/3,58/3,68/3,85/3,92/4,101/5,103/6,113/6,122/6,130/7,138/7,144/9,6/1,13/1,26/1,35/1,37/3,39/3,44/3,48/4,55/4,63/4,66/4,76/4,81/4,89/4,103/4,112/5,120/5,130/5,145/5,145/5,chased,2024,1426303
4/1,7/1,14/1,28/1,35/1,49/2,56/2,62/2,68/2,69/3,81/3,93/3,115/3,130/3,159/3,170/3,178/5,186/6,195/6,214/6,8/0,22/0,25/0,33/0,42/0,53/0,67/0,78/0,88/1,92/2,98/3,101/3,115/3,119/4,125/5,135/5,149/5,163/5,181/5,196/6,defend,2024,1426305
2/0,18/0,31/0,35/0,37/0,42/0,52/0,60/0,70/0,78/1,98/1,108/1,113/2,132/2,138/2,155/2,171/2,187/3,205/4,218/5,12/1,19/1,26/2,39/2,43/2,58/2,64/2,78/2,85/2,87/3,91/3,110/3,115/4,125/5,129/6,138/6,151/6,166/6,184/6,191/7,defend,2024,1426306
5/0,12/0,24/0,35/0,47/0,61/0,69/0,82/0,97/0,99/1,109/1,129/1,140/1,151/1,159/2,174/3,180/3,186/4,195/5,214/5,9/1,25/1,39/1,50/1,72/2,84/2,88/2,99/2,110/2,129/2,134/3,153/3,167/3,176/4,182/4,189/4,198/5,207/5,211/6,215/6,chased,2024,1426307
8/1,13/2,21/2,33/2,39/4,45/4,50/4,62/4,80/4,92/4,101/5,110/5,115/5,123/7,125/8,126/9,133/9,144/9,156/9,159/10,6/0,26/0,44/0,49/1,57/1,63/1,74/2,85/2,96/2,107/2,119/2,129/2,142/2,164/2,164/2,164/2,164/2,164/2,164/2,164/2,chased,2024,1426309
2/0,14/0,17/0,34/0,37/1,50/1,56/1,58/2,63/2,76/2,82/2,95/2,97/4,116/4,125/5,134/5,144/5,154/5,159/7,172/8,2/0,6/0,22/0,35/0,45/0,47/1,64/1,74/1,80/1,85/2,98/3,100/3,111/3,115/4,126/4,143/4,154/4,160/6,174/6,174/6,chased,2024,1426310
13/1,22/1,29/1,45/1,57/3,68/3,81/3,92/3,96/3,99/4,102/4,108/4,116/4,120/6,132/6,136/6,150/6,163/6,169/7,175/9,8/0,13/0,19/0,24/1,32/1,51/1,56/1,66/2,70/3,73/3,79/3,80/5,90/5,93/6,102/6,113/6,123/6,124/7,134/7,139/7,defend,2024,1426311
3/1,6/2,15/2,21/2,23/3,40/3,47/4,51/4,58/4,61/4,70/5,72/6,82/7,90/7,90/8,98/8,108/8,113/9,113/10,113/10,5/0,17/1,37/1,46/1,52/1,72/1,84/1,93/1,106/2,111/2,114/2,114/2,114/2,114/2,114/2,114/2,114/2,114/2,114/2,114/2,chased,2024,1426312
2/0,13/0,14/1,29/1,46/1,51/2,64/2,72/3,90/3,93/3,100/3,114/3,121/4,125/4,133/4,140/4,151/4,155/6,165/7,178/7,3/0,18/0,29/0,41/1,56/1,65/1,71/1,82/1,89/1,93/2,106/2,111/2,114/3,127/3,138/4,145/4,149/4,156/5,171/5,182/5,chased,2023,1359475
9/0,23/1,24/1,36/1,50/1,56/1,69/1,79/1,91/1,100/1,109/2,121/2,129/2,142/3,143/4,153/4,164/4,168/5,176/5,191/5,13/0,17/2,24/2,29/2,35/3,46/3,50/3,60/3,75/3,80/4,83/5,91/5,100/5,118/5,136/6,146/7,146/7,146/7,146/7,146/7,defend,2023,1359476
1/0,6/0,12/0,19/1,25/1,30/1,46/1,60/1,73/1,89/1,98/2,101/3,112/3,117/3,127/4,131/4,150/4,157/4,171/5,193/6,7/0,24/0,33/0,40/0,42/2,47/2,48/3,53/3,58/3,75/3,80/3,86/4,93/4,96/5,110/5,113/7,117/7,131/7,139/7,143/9,defend,2023,1359477
6/0,20/0,37/0,56/0,73/0,85/1,93/1,105/1,110/1,122/1,132/1,135/1,141/2,151/2,160/3,170/3,173/4,186/4,193/5,203/5,0/2,7/2,12/2,17/2,20/2,30/2,34/3,38/3,46/4,48/5,52/6,63/6,75/6,81/7,85/7,89/7,92/7,95/8,108/8,131/8,defend,2023,1359478
2/0,11/0,12/1,17/2,19/2,29/3,37/3,43/3,52/4,55/4,62/4,78/4,85/4,99/5,102/5,111/6,123/6,133/7,149/7,171/7,5/0,14/0,30/0,40/0,45/0,53/0,58/0,75/0,80/0,97/0,108/0,113/0,129/0,139/0,148/1,161/2,172/2,172/2,172/2,172/2,chased,2023,1359479
6/0,23/0,33/0,40/0,60/0,79/0,86/0,101/0,110/0,114/1,120/2,125/2,137/2,150/3,164/3,170/4,178/5,194/5,203/5,217/7,7/0,25/0,38/0,56/0,73/0,80/1,82/2,84/3,96/3,105/4,110/4,125/4,128/4,136/5,150/5,156/6,174/6,181/6,190/6,205/7,defend,2023,1359480
11/0,20/0,29/1,33/1,42/2,52/2,63/2,67/2,70/4,78/4,88/4,100/4,107/5,112/5,121/5,126/5,132/6,141/6,150/7,162/8,14/0,22/0,30/1,36/1,49/2,54/3,62/3,66/3,74/3,83/3,91/3,101/3,106/3,112/4,117/4,137/4,151/4,161/4,163/4,163/4,chased,2023,1359481
7/0,16/0,26/0,45/0,56/0,63/0,68/0,77/0,86/0,92/1,95/2,113/2,124/2,140/2,152/2,159/3,165/4,174/4,190/4,197/5,7/0,16/1,25/1,39/2,48/2,57/3,63/3,70/3,81/3,89/3,91/4,102/4,115/4,121/4,124/6,129/6,145/6,164/6,182/6,192/7,defend,2023,1359482
9/0,12/0,26/0,26/2,41/2,47/2,51/3,57/3,71/3,79/3,87/3,94/5,113/5,124/5,140/5,147/5,160/5,175/5,192/6,204/7,10/0,12/0,19/0,42/0,45/1,50/2,53/2,54/4,61/5,69/5,78/5,84/6,86/8,95/8,102/9,109/9,121/9,123/10,123/10,123/10,defend,2023,1359483
5/0,15/0,21/1,24/1,33/1,43/1,48/1,50/3,55/4,63/4,65/4,69/4,72/4,76/4,83/4,84/4,92/4,102/5,108/7,121/8,13/0,24/0,29/0,35/0,39/1,45/2,55/2,63/2,72/2,82/2,91/2,96/2,109/3,114/3,118/5,127/5,127/5,127/5,127/5,127/5,chased,2023,1359484
20/0,32/0,39/0,50/0,63/0,68/0,79/0,96/0,98/1,103/2,107/2,112/2,122/2,126/3,130/3,143/3,157/3,168/3,183/4,199/4,0/2,5/2,14/2,21/2,32/2,38/3,42/3,48/3,61/3,68/3,83/3,93/3,100/4,106/4,113/5,118/6,129/6,137/6,139/8,142/9,defend,2023,1359485
10/0,16/0,30/0,38/1,47/1,61/1,66/2,73/3,76/4,84/5,87/5,93/5,102/6,105/6,109/6,113/7,131/8,135/8,141/8,157/8,6/1,12/1,21/1,44/1,55/1,68/1,74/1,82/2,86/2,97/2,102/2,108/2,112/2,125/2,134/3,135/3,140/3,153/3,159/3,159/3,chased,2023,1359486
4/0,17/0,24/0,31/0,38/1,54/1,62/1,68/1,79/1,88/1,91/1,101/2,115/2,123/3,132/3,144/3,151/3,159/4,184/4,204/4,2/0,14/0,26/1,28/2,37/2,43/2,56/2,68/2,78/2,86/2,99/2,116/2,128/2,132/3,149/3,155/4,157/7,162/7,176/7,207/7,chased,2023,1359487
9/1,14/2,22/2,22/3,30/3,41/3,47/3,58/3,64/4,73/5,76/6,77/7,78/8,83/8,88/9,101/9,109/9,126/9,135/9,143/9,4/0,13/0,19/0,27/1,30/1,34/1,40/1,43/1,54/2,67/2,78/2,86/2,94/2,97/2,118/2,124/2,141/2,145/2,145/2,145/2,chased,2023,1359488
4/0,17/0,25/0,33/0,42/0,56/0,62/0,68/0,74/0,87/0,94/0,99/1,104/1,117/1,137/1,146/1,160/1,183/1,203/1,212/2,5/1,10/1,16/1,23/3,30/3,37/3,43/3,60/3,76/3,91/3,105/4,116/5,136/5,154/5,171/5,185/5,189/6,198/6,208/7,213/9,chased,2023,1359489
7/0,19/0,29/0,34/1,42/1,51/1,59/1,75/1,78/2,85/3,88/4,95/4,103/5,110/5,123/5,136/5,151/5,165/5,166/9,172/10,14/0,27/0,42/0,49/0,59/0,68/0,70/0,73/1,82/1,91/1,98/1,112/1,117/1,121/1,123/1,139/3,147/4,153/4,168/4,173/4,chased,2023,1359490
8/0,12/1,22/1,28/1,45/1,57/1,68/1,86/1,88/3,95/3,97/3,104/3,110/3,119/3,135/4,141/4,144/5,157/5,167/6,175/8,7/0,10/0,16/1,26/1,35/1,45/1,52/1,61/1,76/1,80/2,86/2,93/3,98/3,103/4,113/6,117/6,122/6,136/6,155/6,172/6,defend,2023,1359491
8/1,16/1,27/1,30/2,42/2,52/2,59/3,63/3,71/3,75/3,81/3,91/3,94/4,96/4,99/4,109/4,121/5,136/5,142/6,153/8,7/0,18/0,36/0,44/0,52/1,56/1,61/1,67/1,78/1,80/1,88/1,91/2,95/2,105/2,111/3,120/3,129/3,141/3,147/3,154/4,chased,2023,1359492
14/0,28/0,43/0,46/0,57/2,65/2,75/2,80/2,85/2,94/2,100/2,116/2,130/3,134/3,157/3,172/3,186/3,200/3,215/4,228/4,1/1,4/1,16/1,22/3,34/3,62/3,74/3,82/3,84/4,96/4,99/5,111/5,121/5,135/5,142/5,159/5,171/6,181/6,197/6,205/7,defend,2023,1359493
11/0,16/0,26/0,33/0,43/1,47/1,54/1,61/1,70/1,89/1,103/2,110/2,119/3,132/4,134/6,139/6,146/6,154/6,166/6,174/6,1/1,2/2,4/3,12/3,25/3,32/4,43/4,51/4,53/5,57/5,70/5,76/5,82/6,98/7,108/7,111/8,123/8,130/9,139/9,151/9,defend,2023,1359494
7/0,14/0,24/0,33/0,42/0,49/0,52/0,55/1,64/2,74/2,88/2,94/2,101/2,108/2,111/4,126/4,138/4,143/5,152/6,159/8,1/1,13/1,23/2,28/2,37/2,45/3,48/3,53/3,61/3,68/3,75/4,82/4,99/4,108/4,115/5,128/6,137/6,140/7,153/8,161/8,chased,2023,1359495
5/0,12/1,25/1,39/1,55/1,57/2,68/2,73/2,84/3,90/3,104/3,117/3,124/4,135/4,140/4,146/4,155/4,160/5,175/6,185/6,2/0,18/0,35/0,57/0,65/1,72/1,81/1,90/2,99/2,110/2,123/2,130/2,147/2,148/3,163/3,171/3,180/4,186/5,186/5,186/5,chased,2023,1359496
6/1,11/1,24/1,27/1,32/2,42/2,55/2,72/2,78/2,88/2,94/3,100/3,102/3,107/3,119/3,125/4,137/4,154/4,166/5,177/7,2/0,3/1,4/2,13/2,20/2,26/2,38/2,46/2,50/3,53/3,62/4,66/4,86/4,101/4,114/5,134/5,142/5,155/5,171/7,179/7,chased,2023,1359497
3/0,16/0,19/1,25/1,38/1,53/1,62/1,69/1,83/1,97/2,107/2,123/2,132/2,146/2,165/2,172/3,186/4,200/5,210/5,226/6,6/1,15/2,28/2,45/2,61/2,75/2,81/2,93/2,105/2,121/2,132/2,141/2,146/3,159/4,169/4,181/4,192/5,196/6,208/7,218/8,defend,2023,1359498
6/0,15/0,28/0,33/0,42/1,53/1,56/1,60/1,69/1,80/1,87/1,95/3,103/3,109/3,130/3,144/3,152/4,172/4,178/4,192/5,6/0,13/1,22/1,26/2,35/2,42/2,54/2,64/2,72/3,76/4,88/4,96/4,106/4,127/5,133/6,143/6,150/7,169/8,173/8,178/10,defend,2023,1359499
0/0,12/0,14/0,18/0,31/0,37/0,43/0,56/0,74/0,79/0,83/1,86/2,98/2,104/4,109/4,115/4,123/4,129/4,146/4,154/7,2/0,18/0,21/0,23/0,34/0,47/0,50/0,60/0,68/0,73/0,81/0,89/1,95/2,99/3,104/3,107/4,113/4,126/4,136/4,144/6,defend,2023,1359500
5/0,11/0,22/0,39/0,49/0,59/0,63/0,74/0,82/0,91/0,98/0,103/0,108/0,118/0,130/0,137/0,145/2,154/3,163/4,174/4,9/1,20/1,27/2,32/3,40/3,49/4,54/4,56/4,70/4,77/5,90/5,103/6,110/7,114/7,125/7,138/7,145/7,149/9,150/10,150/10,defend,2023,1359501
5/0,15/1,20/1,29/2,31/2,35/3,39/3,49/3,54/4,64/4,68/5,73/6,77/6,92/6,94/8,97/9,100/9,105/9,108/9,127/10,6/0,19/0,31/0,34/0,44/1,61/1,62/1,67/2,69/3,73/3,83/3,87/3,93/3,93/4,104/4,110/5,113/6,116/6,121/6,128/6,chased,2023,1359502
6/0,13/0,23/0,34/0,35/1,45/1,55/1,62/1,70/1,76/2,83/2,86/3,91/4,97/5,102/5,106/5,114/5,119/6,127/6,134/7,6/0,17/0,28/0,32/0,37/0,60/0,66/0,70/0,77/0,86/0,87/1,91/1,95/1,104/1,111/2,119/2,122/3,132/3,138/3,138/3,chased,2023,1359503
4/0,5/1,13/1,20/1,29/1,40/1,44/1,51/1,65/1,71/1,75/2,78/3,85/3,89/3,92/4,97/4,102/4,121/4,126/4,135/6,0/0,6/0,20/0,30/0,46/0,53/0,55/1,65/1,73/1,80/1,87/1,90/1,98/1,105/1,106/2,109/2,113/3,119/3,124/3,128/7,defend,2023,1359504
5/0,13/0,20/1,36/1,46/1,58/1,70/2,71/2,81/2,83/4,88/4,89/4,97/4,105/4,118/4,149/4,162/4,187/5,197/6,214/8,7/0,13/1,21/1,33/1,46/1,54/1,59/1,66/1,79/1,88/2,95/2,109/2,118/2,132/2,149/2,161/3,175/3,184/4,199/4,201/6,defend,2023,1359505
2/1,12/1,22/2,38/2,50/2,62/2,72/2,78/2,85/2,101/2,111/2,128/2,135/2,148/3,156/4,162/4,164/6,170/6,179/6,189/9,1/1,6/1,16/1,23/1,36/1,47/1,57/1,71/1,81/1,92/1,97/1,100/2,105/2,108/3,121/3,129/4,145/4,157/5,170/5,182/6,defend,2023,1359506
5/0,14/0,22/0,31/0,45/0,59/0,72/0,79/1,89/1,94/1,101/1,109/1,123/2,145/2,160/2,169/2,186/2,199/3,218/3,235/4,1/1,9/2,20/2,24/2,33/2,38/2,46/2,66/3,71/4,76/4,95/4,109/4,119/4,127/4,137/5,156/5,164/6,177/7,180/8,186/8,defend,2023,1359507
2/1,21/1,22/1,35/1,41/2,49/2,57/2,62/5,69/5,72/5,76/5,84/5,91/5,97/5,106/5,113/5,128/5,132/6,138/7,144/9,7/0,12/0,19/0,26/0,31/0,36/1,42/1,46/1,53/1,58/1,67/1,73/2,77/3,85/4,89/5,94/5,107/5,122/5,132/6,137/6,defend,2023,1359508
4/0,12/0,17/1,23/1,33/1,50/1,55/2,60/2,68/2,84/2,91/2,99/3,103/4,113/4,130/4,137/4,150/4,172/4,191/5,207/6,2/0,4/1,6/1,18/1,26/1,29/1,42/1,45/3,53/3,58/3,59/5,75/5,90/6,99/6,112/6,129/6,135/6,139/8,144/8,152/9,defend,2023,1359509
8/0,13/0,18/0,35/0,41/0,66/0,68/0,75/0,82/0,88/2,93/2,106/2,117/2,126/2,131/2,150/2,167/2,170/4,185/5,200/5,11/0,30/0,33/1,42/1,53/2,58/3,64/3,72/3,80/3,96/3,106/3,115/4,121/5,132/5,138/6,145/6,153/7,157/8,166/8,179/8,defend,2023,1359510
14/0,24/0,42/0,45/0,54/0,64/0,75/0,85/0,90/1,100/1,104/1,113/1,125/1,132/3,139/3,146/3,153/4,166/4,182/4,202/5,7/0,12/0,13/0,25/0,35/0,42/1,50/1,59/1,68/1,72/2,73/4,85/4,98/4,113/4,125/5,129/5,145/5,157/5,166/5,170/6,defend,2023,1359511
2/0,19/0,35/0,45/1,62/1,74/2,83/2,107/2,111/2,128/2,136/2,147/2,156/2,175/3,184/3,200/3,216/3,235/3,245/4,257/5,3/1,7/1,26/1,31/2,47/2,55/2,70/2,76/2,84/2,93/2,106/2,118/3,127/4,140/4,152/4,166/5,178/6,193/8,199/9,201/10,defend,2023,1359512
3/0,16/0,23/1,36/1,47/2,61/2,66/2,75/2,80/2,84/2,88/4,97/4,105/4,117/4,134/4,137/5,151/5,156/6,167/6,179/7,3/0,13/0,32/0,41/0,47/1,52/1,63/1,70/1,78/1,89/1,92/2,98/3,102/3,111/3,129/3,142/3,166/3,180/3,180/3,180/3,chased,2023,1359513
8/0,21/0,28/1,42/1,46/2,62/2,71/2,76/2,83/2,83/4,107/4,109/5,120/5,126/5,135/5,152/5,162/6,172/6,185/6,197/6,7/1,15/1,23/1,35/1,46/1,57/1,79/1,85/1,97/1,105/1,111/1,114/2,119/3,129/4,138/4,141/5,149/6,163/6,172/6,188/6,defend,2023,1359514
7/0,16/0,29/0,32/0,41/0,57/0,62/0,67/0,77/0,90/1,94/1,107/1,121/1,130/2,146/2,158/2,169/3,177/3,185/3,200/4,11/0,20/0,34/0,46/0,54/1,62/1,70/1,80/1,84/2,94/2,97/3,105/3,112/3,119/3,129/3,153/4,170/4,179/5,192/6,201/6,chased,2023,1359515
8/0,19/0,26/0,42/0,58/0,65/0,72/0,80/1,88/1,97/2,103/3,113/3,126/3,142/3,143/4,153/4,168/5,183/6,196/6,212/7,12/0,14/1,29/1,36/1,47/1,58/1,62/1,75/1,84/2,98/2,101/3,104/3,124/3,141/3,150/3,156/4,170/4,181/4,196/4,214/4,chased,2023,1359516
5/0,16/0,20/0,32/0,37/0,42/0,49/0,56/0,62/1,65/1,71/1,78/2,82/3,89/3,92/4,99/4,110/5,115/6,120/7,126/9,1/1,2/1,18/1,21/2,27/3,34/4,38/5,40/5,53/5,63/5,65/6,69/7,70/7,74/7,78/8,79/8,87/8,96/8,104/9,108/10,defend,2023,1359517
5/1,15/2,16/3,22/3,23/5,28/5,32/5,40/5,44/5,54/5,58/5,61/5,68/5,73/6,78/6,91/6,107/6,119/6,127/7,130/8,0/1,6/1,18/1,21/2,26/3,31/3,33/4,35/4,39/4,49/4,55/4,59/4,63/4,71/4,79/4,89/4,94/4,98/5,119/5,125/6,defend,2023,1359518
5/0,6/0,16/0,19/1,25/1,31/3,34/4,38/4,42/4,44/5,48/5,52/5,57/5,62/5,73/5,83/5,98/5,105/6,125/6,125/7,0/0,0/0,0/0,0/0,0/0,0/0,0/0,0/0,0/0,0/0,0/0,0/0,0/0,0/0,0/0,0/0,0/0,0/0,0/0,0/0,unknown,2023,1359519
9/0,17/1,23/1,35/1,40/1,50/1,58/1,65/2,71/2,78/2,94/2,99/3,120/3,131/3,145/3,152/3,166/3,178/3,205/3,214/3,5/1,21/1,23/1,32/1,49/1,54/2,60/2,67/2,77/2,91/2,105/2,115/2,138/2,149/2,170/2,178/3,194/4,203/4,216/4,216/4,chased,2023,1359520
8/0,16/2,20/2,27/2,40/3,49/3,54/3,61/3,73/3,90/3,95/3,103/4,114/4,127/4,129/5,137/6,148/6,155/7,168/7,171/9,9/0,22/0,29/1,37/2,38/2,53/3,61/4,66/4,69/4,75/4,90/4,102/4,114/4,124/4,134/5,138/5,146/6,151/6,163/7,166/8,defend,2023,1359521
2/0,12/1,25/1,38/1,47/1,50/2,61/3,63/4,67/4,72/5,76/5,82/6,87/6,96/7,100/8,110/8,113/9,118/10,118/10,118/10,9/0,11/0,16/0,25/0,39/0,49/0,57/0,61/0,69/0,72/1,96/1,106/1,114/1,119/1,119/1,119/1,119/1,119/1,119/1,119/1,chased,2023,1359522
10/0,13/1,16/3,19/3,24/3,34/3,44/3,55/3,59/3,64/3,71/4,74/4,79/4,86/4,93/4,106/4,122/4,124/5,134/6,139/8,10/0,16/0,36/0,46/0,50/1,55/1,64/1,73/1,81/2,84/2,88/2,96/2,105/3,119/3,123/3,128/3,132/4,140/4,140/4,140/4,chased,2023,1359523
7/0,13/0,20/0,23/0,36/0,51/0,57/0,64/0,72/0,79/0,83/2,93/2,102/2,115/2,126/2,137/3,151/3,166/3,172/3,181/4,10/0,17/0,29/0,41/0,60/0,70/1,78/1,86/1,102/1,115/1,123/2,126/2,150/2,159/2,166/2,179/3,187/3,187/3,187/3,187/3,chased,2023,1359524
12/0,23/0,31/0,53/0,63/0,78/0,82/0,98/0,115/0,121/0,128/0,142/0,145/1,156/1,176/1,184/2,194/2,202/2,213/2,227/2,4/0,16/0,35/0,50/0,64/0,72/0,76/0,88/0,92/1,102/1,107/1,113/1,117/2,121/2,130/3,140/4,152/4,155/5,166/7,171/7,defend,2023,1359525
9/0,26/0,34/0,45/0,54/1,61/1,70/1,74/1,95/1,107/1,115/1,125/1,135/1,142/1,154/1,168/1,185/1,190/1,197/2,214/2,4/0,12/0,22/0,30/0,45/0,52/1,58/1,65/1,73/1,87/1,98/1,107/1,117/2,136/2,146/2,158/3,171/3,174/5,198/6,217/6,chased,2023,1359526
12/0,21/1,26/1,32/2,51/2,58/3,64/3,70/3,79/3,82/3,93/3,104/3,109/4,117/4,124/5,131/5,139/6,143/7,158/7,179/7,5/0,10/0,20/0,36/0,39/1,52/1,63/1,67/2,73/2,76/2,92/2,98/2,109/2,116/3,122/3,129/4,144/4,154/4,174/4,182/5,chased,2023,1359527
3/1,12/1,20/2,29/2,45/2,56/2,72/2,81/2,87/2,104/2,119/2,131/2,140/3,146/4,152/5,161/5,170/5,185/5,193/6,199/6,4/0,19/0,34/0,41/0,52/2,62/2,74/2,82/2,89/2,99/2,114/2,124/2,141/2,154/2,174/2,193/4,200/4,200/4,200/4,200/4,chased,2023,1359528
4/0,20/0,25/0,32/0,41/1,49/1,52/2,57/2,61/2,66/3,77/3,82/4,88/4,111/4,117/5,125/5,128/6,139/6,160/6,167/8,1/1,13/1,25/2,27/3,42/3,47/3,48/3,55/3,63/3,65/3,72/3,76/3,84/4,88/4,91/5,97/5,108/5,120/6,125/7,140/8,defend,2023,1359529
6/0,10/0,14/1,29/1,35/2,37/2,44/2,50/2,58/2,76/2,79/3,85/3,100/3,110/4,116/4,127/4,131/6,139/6,142/7,149/8,26/0,40/1,54/1,59/1,68/1,78/1,88/1,98/1,101/1,107/1,127/1,140/1,147/1,151/1,151/1,151/1,151/1,151/1,151/1,151/1,chased,2023,1359530
6/0,20/0,37/0,44/0,51/0,61/0,66/2,81/2,88/3,96/3,101/3,116/3,131/3,139/3,151/3,153/4,164/5,184/5,201/5,218/5,4/0,11/1,17/2,26/3,39/3,48/3,55/4,59/5,77/5,82/5,90/5,100/6,103/7,116/8,130/8,136/8,151/8,164/8,171/8,191/8,defend,2023,1359531
8/0,19/0,26/1,37/1,55/1,56/2,62/2,73/2,86/3,95/3,101/3,115/3,117/5,128/5,130/5,145/5,154/5,161/5,173/6,182/6,2/0,4/0,12/0,16/1,20/1,30/1,44/1,50/1,61/2,68/2,71/2,75/2,89/2,103/2,114/2,145/3,159/3,169/3,179/3,185/3,chased,2023,1359532
4/0,14/1,23/1,32/1,38/2,46/3,50/3,54/3,61/3,66/3,87/3,93/3,99/3,109/3,117/4,129/4,141/5,154/5,157/6,167/7,10/0,16/0,29/0,41/0,53/0,65/0,73/1,80/2,86/4,88/5,91/6,95/6,98/6,102/6,115/6,119/7,122/7,127/8,131/8,136/8,defend,2023,1359533
9/0,12/0,17/0,29/0,34/0,42/0,50/1,61/1,71/1,78/1,81/1,86/1,98/1,107/1,120/2,123/4,135/4,143/5,153/5,171/5,5/1,11/3,16/3,19/3,26/4,28/5,31/6,50/7,56/7,59/8,59/10,59/10,59/10,59/10,59/10,59/10,59/10,59/10,59/10,59/10,defend,2023,1359534
9/0,17/0,25/0,37/1,48/1,52/1,57/1,61/2,65/2,68/3,72/5,81/5,83/5,87/5,92/5,99/5,115/5,130/5,135/5,144/6,4/1,11/1,22/2,26/2,38/3,46/3,49/3,53/3,62/3,67/3,75/3,84/3,96/3,105/3,117/3,126/3,132/3,141/4,147/4,147/4,chased,2023,1359535
5/1,17/1,32/1,50/1,55/1,65/1,78/1,89/1,95/1,103/1,118/1,131/1,139/1,147/1,154/2,163/3,171/4,178/5,186/5,188/9,6/1,12/2,17/3,29/3,35/4,45/4,50/6,54/6,59/7,66/7,80/7,84/7,97/7,104/7,111/7,123/7,127/8,136/8,147/9,154/9,defend,2023,1359536
3/0,12/0,17/2,23/2,32/2,35/2,38/3,50/3,63/3,68/3,78/3,86/3,95/3,100/3,108/3,117/4,123/4,147/4,162/4,177/4,7/0,20/0,27/0,38/0,47/0,58/0,69/0,74/0,82/0,92/1,103/1,106/2,107/2,115/2,125/3,131/3,139/4,148/5,167/5,172/5,defend,2023,1359537
4/0,6/0,18/0,35/0,51/0,61/0,71/0,76/0,83/0,93/0,103/1,108/1,125/1,138/1,148/2,154/2,162/2,172/2,190/2,213/2,0/0,7/1,10/1,23/1,36/1,47/1,51/2,55/2,63/2,75/2,85/2,100/2,112/2,117/2,128/3,135/4,155/5,176/5,181/7,198/8,defend,2023,1359538
2/0,7/0,11/0,27/0,33/2,49/2,56/2,65/2,76/2,81/2,94/2,101/2,104/3,112/3,133/3,141/3,160/3,167/3,182/4,186/5,8/0,20/0,27/0,45/0,59/0,64/0,72/0,79/0,90/0,95/0,98/0,108/0,117/0,132/0,150/0,154/0,164/0,172/1,184/2,187/2,chased,2023,1359539
2/1,18/1,30/1,42/2,45/2,48/3,53/4,59/4,62/4,78/4,85/4,94/4,100/4,115/5,117/5,125/5,133/5,141/5,169/5,187/5,12/0,16/1,27/1,38/1,46/1,57/1,61/1,67/1,76/1,86/2,91/3,103/3,116/3,134/3,141/4,149/4,155/4,169/5,179/6,189/6,chased,2023,1359540
6/0,19/0,30/0,41/0,50/0,52/0,60/0,66/0,72/0,87/0,97/0,117/0,127/0,140/0,148/1,167/1,179/1,195/2,207/3,223/3,5/0,6/1,9/1,15/1,26/3,34/3,43/3,47/3,61/3,72/3,76/4,84/4,107/4,110/5,116/5,131/5,137/6,143/6,146/7,146/9,defend,2023,1359541
1/0,7/0,15/1,27/1,39/1,54/1,55/3,58/3,69/3,73/4,88/5,91/5,100/5,107/5,119/5,122/5,133/5,147/6,163/8,176/8,15/0,30/0,36/0,45/0,59/0,61/1,69/1,78/1,79/2,82/3,88/3,94/3,103/3,108/4,114/4,121/5,126/5,136/7,156/7,175/7,defend,2023,1359542
5/0,10/0,22/0,32/0,43/0,53/0,64/0,74/0,79/0,93/0,103/0,111/0,130/0,144/1,157/1,168/1,174/2,180/3,186/5,200/5,7/0,17/0,24/1,33/1,42/1,60/1,73/1,81/1,100/1,114/1,121/1,132/1,148/1,156/2,160/2,180/2,193/2,201/2,201/2,201/2,chased,2023,1359543
6/0,10/0,26/0,43/0,53/0,62/0,67/0,79/1,82/2,93/3,104/3,112/3,127/3,132/4,136/5,149/5,155/5,169/5,182/5,197/5,2/0,15/0,25/1,30/1,35/1,51/1,59/1,71/1,84/1,90/1,102/1,109/1,125/1,134/1,148/2,155/3,164/3,179/4,190/4,198/4,chased,2023,1359544
4/0,18/0,23/0,31/0,40/0,49/0,58/0,64/0,76/0,85/0,89/1,94/2,99/2,107/2,125/3,131/4,137/4,148/5,157/6,172/7,3/0,9/0,22/1,32/1,39/1,41/2,46/2,52/2,59/2,72/2,74/3,84/3,88/4,95/5,102/6,115/6,134/6,138/8,146/9,157/10,defend,2023,1370350
5/0,13/0,29/0,38/1,46/2,62/2,70/2,75/2,89/2,98/2,105/4,116/4,121/4,126/4,131/4,141/4,149/5,162/6,168/7,182/8,10/0,12/1,21/1,28/2,36/2,54/2,65/2,68/2,74/3,75/5,86/5,90/6,94/7,98/7,100/9,100/9,101/10,101/10,101/10,101/10,defend,2023,1370351
3/0,13/0,20/0,27/0,38/0,50/0,59/1,64/1,80/1,91/1,98/1,119/1,139/1,147/1,166/1,183/1,198/2,205/2,214/3,233/3,9/1,21/1,29/2,41/2,65/2,72/3,77/3,84/3,95/3,110/3,123/3,128/4,134/4,149/4,156/6,161/7,164/9,170/9,171/10,171/10,defend,2023,1370352
4/0,8/0,24/0,38/0,49/0,62/0,67/1,72/1,80/1,86/1,96/1,109/1,124/1,131/2,143/2,153/2,173/2,182/2,200/2,214/4,10/0,24/0,35/0,52/0,58/0,72/0,78/2,94/2,99/2,112/2,118/3,133/3,150/5,158/5,171/5,171/5,171/5,171/5,171/5,171/5,chased,2023,1370353
3/1,8/1,16/1,28/1,29/2,35/2,40/2,50/3,53/4,57/4,61/5,64/5,66/5,69/5,73/5,81/5,84/5,98/5,113/5,131/5,6/0,8/0,15/0,25/0,35/0,43/0,44/1,59/1,70/1,76/2,83/2,90/3,93/3,98/3,104/3,113/3,122/3,126/4,133/4,133/4,chased,2022,1304047
10/0,16/0,25/0,32/0,48/0,53/0,56/0,65/0,69/1,79/1,85/2,91/2,104/2,113/2,118/3,123/4,137/4,148/4,159/5,177/5,12/0,21/0,30/0,31/2,40/3,46/3,58/3,62/3,70/3,77/5,91/5,94/5,103/5,113/6,122/6,137/6,150/6,174/6,179/6,179/6,chased,2022,1304048
1/0,12/0,23/0,25/0,31/0,41/0,50/1,54/1,57/1,70/1,78/1,92/1,115/1,136/1,142/1,158/1,168/1,171/2,189/2,205/2,7/0,22/0,28/0,42/0,57/0,63/0,71/0,75/1,84/1,97/1,116/1,122/2,139/2,145/4,156/5,162/5,170/5,195/5,208/5,208/5,chased,2022,1304049
2/1,9/1,14/2,26/3,29/4,32/4,33/4,36/4,42/4,47/4,58/4,63/4,80/4,90/4,109/4,116/5,124/5,139/5,149/5,158/6,7/1,15/1,25/2,35/2,39/2,44/2,46/2,55/2,64/2,72/2,75/3,79/4,83/4,88/4,91/4,113/4,130/4,139/5,148/5,161/5,chased,2022,1304050
1/0,6/0,13/0,34/0,52/0,58/0,60/1,75/1,78/2,87/2,101/2,114/2,121/2,138/2,148/3,163/3,170/4,188/4,203/4,210/6,2/0,3/1,7/1,7/2,13/3,14/3,21/3,28/3,32/4,36/4,39/5,44/5,55/5,72/5,77/5,81/6,105/6,119/6,134/7,149/7,defend,2022,1304051
4/0,10/0,14/0,25/1,32/2,44/3,46/4,58/4,67/6,76/6,83/6,83/7,99/7,99/8,101/9,104/9,110/9,118/9,128/10,128/10,10/1,17/2,22/3,24/3,25/3,36/3,40/3,52/3,53/3,59/3,62/4,70/4,85/4,89/4,93/4,101/5,105/5,112/7,122/7,132/7,chased,2022,1304052
14/0,26/0,28/1,39/1,57/1,73/1,82/1,87/2,99/2,106/2,112/3,118/3,130/3,136/3,147/3,162/3,172/4,188/4,199/5,210/7,2/0,11/0,24/0,36/0,51/0,55/0,66/0,80/0,90/0,98/0,106/1,114/2,122/2,137/2,144/3,156/3,165/3,177/4,202/4,211/4,chased,2022,1304053
2/1,7/1,21/1,43/2,51/2,62/3,65/3,70/3,78/4,85/5,86/5,92/5,97/6,102/6,102/8,104/8,120/8,137/8,137/10,137/10,8/0,14/1,25/1,33/1,42/2,51/2,51/4,54/4,56/4,73/4,79/4,109/4,114/4,128/4,141/4,141/4,141/4,141/4,141/4,141/4,chased,2022,1304054
4/0,12/0,17/1,43/1,47/1,48/2,55/2,66/2,73/2,87/2,108/2,115/2,123/2,129/2,138/3,144/3,170/3,182/3,185/6,193/8,4/0,19/1,24/1,40/2,45/2,50/2,61/2,67/2,82/2,94/2,101/2,112/2,121/3,129/3,136/4,137/6,144/6,155/6,165/7,170/8,defend,2022,1304055
7/1,14/1,19/1,28/1,38/1,44/1,51/2,53/2,58/2,66/2,75/2,89/2,98/2,109/3,120/3,136/3,145/3,155/4,167/4,171/6,8/0,10/1,20/1,32/1,34/3,43/3,54/3,63/3,71/3,79/3,86/3,100/4,105/4,118/4,126/6,134/7,142/7,145/9,148/9,157/9,defend,2022,1304056
8/1,17/2,27/2,31/2,57/2,72/2,82/2,89/2,96/2,109/3,115/4,123/4,131/4,142/4,147/5,152/6,161/6,166/7,176/8,180/8,5/0,10/1,16/2,21/2,22/3,27/4,36/4,38/5,41/5,53/5,61/5,69/5,72/5,90/5,98/7,107/8,121/8,126/10,126/10,126/10,defend,2022,1304057
3/0,8/1,16/1,17/2,27/3,32/3,35/3,43/3,48/3,68/3,76/3,85/3,92/3,108/3,114/3,120/4,137/4,144/4,152/6,169/7,6/0,11/0,21/0,28/1,38/1,40/2,51/2,66/2,77/2,82/2,83/3,91/3,95/3,105/4,120/4,129/4,137/4,144/6,154/6,157/9,defend,2022,1304058
2/0,6/1,17/1,25/1,30/1,35/1,47/1,61/1,73/1,76/2,80/2,86/3,89/3,99/3,103/3,107/3,118/3,127/3,146/3,169/3,3/0,12/0,28/0,33/0,40/0,48/0,55/1,61/2,62/4,68/4,71/4,86/4,88/5,109/5,125/5,138/5,142/5,155/6,167/6,173/6,chased,2022,1304059
1/0,4/0,7/1,14/1,23/1,35/1,39/1,46/2,49/2,54/2,55/3,58/3,71/3,79/3,85/3,98/3,115/3,129/3,138/3,161/4,3/0,9/0,14/0,16/0,26/1,35/2,41/2,50/2,57/2,67/3,81/3,89/4,101/4,115/5,127/5,162/5,162/5,162/5,162/5,162/5,chased,2022,1304060
4/0,13/0,27/0,40/0,45/0,52/0,57/0,68/1,70/2,73/2,80/3,80/3,87/3,90/3,99/3,117/3,130/3,136/3,142/3,149/3,5/0,8/0,15/0,26/0,45/0,48/0,51/0,62/0,70/0,74/1,79/1,86/1,90/2,104/2,111/2,122/3,126/3,131/3,145/3,155/4,chased,2022,1304061
5/0,11/1,20/1,25/1,38/2,43/2,49/2,60/2,70/2,86/2,90/3,100/3,124/3,134/5,152/5,155/7,160/8,164/9,173/9,189/9,10/0,24/0,31/0,37/1,45/1,53/1,66/1,76/1,88/1,94/1,103/1,110/1,119/1,128/1,134/2,140/2,153/2,158/2,171/3,190/4,chased,2022,1304062
8/0,16/0,25/0,32/1,36/1,41/2,45/2,51/2,63/2,68/2,78/2,84/2,97/2,100/3,108/4,113/5,117/5,125/6,139/6,154/7,1/0,6/0,14/0,23/0,24/0,37/0,42/0,52/0,62/0,69/0,75/0,89/0,97/1,108/1,121/1,125/1,144/1,155/2,155/2,155/2,chased,2022,1304063
1/0,6/0,13/0,29/0,42/0,49/0,51/1,58/1,62/2,62/4,64/5,70/5,77/5,80/6,92/6,99/6,108/6,121/6,144/6,151/6,1/0,14/0,21/0,26/0,27/0,30/0,45/0,50/0,53/1,61/1,71/1,86/1,92/1,102/1,111/1,122/1,131/2,144/2,152/3,152/3,chased,2022,1304064
10/0,20/0,34/0,50/0,58/0,68/0,73/0,87/0,93/1,101/1,125/1,137/1,148/2,151/3,161/3,162/4,167/5,176/5,199/5,215/5,2/0,16/0,26/1,38/1,40/2,43/2,51/2,61/2,74/2,91/2,101/2,109/3,118/4,131/4,137/5,143/8,152/8,159/8,166/8,171/10,defend,2022,1304065
9/0,19/0,27/0,39/0,42/0,44/1,52/1,58/1,64/2,67/4,70/4,80/4,84/4,87/4,92/4,108/4,115/4,133/4,149/5,165/6,5/2,6/2,13/2,19/3,26/3,31/3,39/3,47/3,52/3,61/4,65/4,74/5,80/5,87/5,97/5,106/7,117/7,132/8,151/8,162/8,defend,2022,1304066
17/0,24/0,30/1,36/1,42/1,51/2,55/2,64/3,73/3,80/3,84/3,89/3,102/3,108/4,118/4,126/4,135/4,148/4,155/5,162/7,4/0,5/0,7/0,11/0,25/0,42/0,51/0,58/0,66/1,75/1,78/1,82/1,98/1,108/2,116/2,129/2,135/3,150/3,162/3,168/3,chased,2022,1304067
6/0,8/0,15/0,19/1,25/1,35/1,37/2,47/2,55/2,60/2,73/2,86/2,105/2,118/2,133/2,145/2,163/2,187/2,201/4,216/4,1/0,11/0,14/1,20/1,27/2,42/3,50/4,62/4,73/4,86/4,100/4,110/4,116/5,131/5,140/6,146/8,169/8,174/9,181/9,193/9,defend,2022,1304068
10/0,17/0,30/0,36/0,53/0,65/0,70/0,80/0,90/0,99/1,106/1,112/1,120/1,128/2,132/3,139/3,151/4,174/4,182/4,198/5,12/0,21/0,25/0,31/1,33/2,42/2,52/2,63/2,92/2,105/2,116/3,120/3,131/4,138/4,146/4,150/4,166/5,171/5,177/6,186/9,defend,2022,1304069
12/0,13/1,16/2,20/2,34/2,42/2,54/3,62/3,67/3,72/3,78/3,87/3,101/3,114/3,130/3,139/4,145/4,158/4,179/4,192/4,13/0,28/1,31/1,49/1,56/1,65/3,74/3,76/4,82/4,89/4,94/5,102/5,117/6,122/6,130/6,138/7,145/7,149/8,153/8,155/9,defend,2022,1304070
9/0,12/1,19/1,25/1,31/3,38/3,47/3,57/3,67/3,70/4,75/4,88/4,103/5,114/5,120/5,122/5,138/5,150/6,158/7,175/8,3/0,9/1,15/1,27/1,35/1,46/2,59/2,77/2,81/2,95/2,105/2,109/2,113/2,127/2,140/3,153/3,158/3,176/3,176/3,176/3,chased,2022,1304071
7/0,16/0,27/0,30/0,46/0,57/1,61/1,74/1,84/1,94/1,98/1,106/1,124/1,132/2,150/2,155/2,164/3,173/3,195/3,199/4,6/0,11/0,20/1,28/1,48/1,57/2,62/3,72/3,80/3,86/3,93/3,104/3,116/3,120/3,125/4,132/5,148/5,157/6,174/6,181/9,defend,2022,1304072
5/0,12/1,17/2,24/2,30/2,40/2,42/3,47/3,70/3,82/4,91/4,95/5,100/5,102/5,115/5,120/5,132/5,160/5,172/5,189/5,9/0,19/0,30/0,45/0,50/1,57/1,62/1,70/1,75/1,79/1,93/1,95/2,100/2,112/3,115/5,134/5,145/6,156/6,163/7,173/7,defend,2022,1304073
6/0,8/0,13/1,23/1,33/2,48/2,51/3,61/4,62/4,70/4,78/4,88/4,104/4,114/4,122/4,132/4,134/5,142/5,151/6,151/10,6/0,8/0,14/0,22/1,33/1,39/1,53/1,61/1,64/2,74/2,80/3,88/3,97/3,106/3,111/3,121/3,131/3,139/3,152/3,152/3,chased,2022,1304074
3/0,7/0,16/1,27/1,31/1,39/2,46/2,51/2,59/2,66/2,81/2,100/2,113/2,124/2,125/3,129/3,135/4,145/4,151/4,169/5,1/1,5/2,14/2,16/3,25/3,37/3,45/3,48/4,55/4,58/4,68/4,87/4,87/5,99/5,108/5,118/5,122/5,147/5,157/7,170/7,chased,2022,1304075
2/0,9/0,25/0,40/0,49/0,60/0,74/0,77/0,90/0,99/1,112/1,120/1,133/1,148/1,163/1,174/2,189/3,194/4,199/5,217/5,9/1,19/1,27/1,31/1,43/1,57/1,74/1,93/1,107/2,116/2,123/2,134/2,148/3,152/4,167/4,178/4,180/8,200/8,207/8,210/10,defend,2022,1304076
7/2,10/2,29/2,36/2,43/2,47/3,62/3,65/4,79/4,87/4,92/4,100/4,107/4,117/4,130/4,140/5,150/5,164/5,177/5,181/6,9/0,14/0,17/1,24/1,33/2,44/2,50/2,64/3,72/3,83/3,88/3,99/3,104/4,110/5,117/5,128/5,138/6,148/6,151/7,163/8,defend,2022,1304077
7/0,13/0,27/0,33/1,44/2,47/3,54/4,63/4,69/4,77/4,81/4,85/4,87/5,90/7,96/8,97/8,104/8,109/9,111/9,115/10,14/0,26/0,43/0,58/0,75/0,81/0,84/1,92/1,104/1,113/1,119/1,119/1,119/1,119/1,119/1,119/1,119/1,119/1,119/1,119/1,chased,2022,1304078
6/2,14/2,23/3,27/3,31/3,42/3,46/3,49/4,52/4,56/4,69/4,74/4,84/4,89/5,100/5,110/5,119/6,126/7,139/7,155/7,9/1,15/1,22/2,29/2,38/2,46/2,48/2,57/2,66/3,68/3,77/3,79/3,88/4,98/4,103/5,108/6,114/6,128/6,139/6,156/7,chased,2022,1304079
8/0,9/0,12/0,26/0,29/0,44/0,51/0,63/0,78/0,87/0,104/0,110/0,128/0,137/0,155/0,158/1,167/1,188/1,202/2,222/2,8/0,14/0,25/0,35/0,48/1,55/2,60/2,69/2,95/2,99/3,121/3,124/4,127/5,139/5,149/5,162/6,172/6,187/6,187/7,207/8,defend,2022,1304080
8/0,19/1,31/1,37/1,43/1,47/1,61/1,69/1,73/1,78/1,86/2,96/2,102/2,114/2,127/2,132/2,137/3,140/5,151/5,156/9,5/1,10/1,11/2,16/2,24/3,34/3,41/4,50/4,57/4,63/4,72/4,79/4,98/5,99/6,107/6,112/7,120/7,128/7,139/7,148/8,defend,2022,1304081
5/0,8/3,11/3,20/3,25/4,31/4,37/4,45/4,47/6,49/7,53/7,55/7,57/8,58/8,65/8,68/9,68/10,68/10,68/10,68/10,2/0,10/0,23/0,33/0,42/0,56/0,63/0,72/1,72/1,72/1,72/1,72/1,72/1,72/1,72/1,72/1,72/1,72/1,72/1,72/1,chased,2022,1304082
2/0,6/0,20/0,27/1,29/1,32/1,38/1,45/1,55/1,72/1,82/1,85/2,103/3,108/4,116/4,126/5,136/5,151/5,155/5,168/6,11/0,12/0,18/0,23/0,31/0,43/0,49/0,54/1,56/2,59/3,66/3,72/4,77/4,93/4,98/4,110/4,119/4,125/5,130/5,132/8,defend,2022,1304083
4/0,13/0,15/0,22/0,29/0,37/1,43/1,51/1,63/1,72/1,78/1,94/1,103/1,117/1,123/1,136/1,145/1,152/2,174/2,187/4,10/0,11/1,13/1,18/1,25/1,32/2,40/3,51/3,64/3,69/3,81/3,84/3,90/4,103/4,118/4,141/4,147/4,153/5,161/5,176/6,defend,2022,1304084
5/0,19/1,25/1,33/2,33/3,43/3,49/3,65/3,67/3,69/4,83/4,90/4,95/4,99/4,100/5,104/6,110/6,114/7,126/8,144/8,9/0,10/1,15/1,22/1,30/1,37/1,38/3,45/3,55/3,58/4,64/4,67/5,72/6,83/6,90/6,94/7,103/8,107/9,115/9,115/10,defend,2022,1304085
11/0,22/0,26/1,30/1,44/2,53/2,59/2,66/2,76/2,84/2,96/2,112/2,115/2,127/2,140/2,145/3,155/4,161/5,170/6,195/6,2/0,20/0,31/0,40/0,47/0,59/0,68/0,73/1,81/1,91/2,96/2,109/2,121/2,127/3,135/3,140/5,149/5,161/5,174/5,199/5,chased,2022,1304086
2/0,6/1,17/1,21/1,24/2,29/2,34/2,37/4,46/4,56/4,61/4,72/4,83/4,85/6,89/6,101/6,118/6,128/6,144/6,146/9,11/1,17/2,26/2,36/2,42/2,47/2,55/2,66/2,80/2,83/3,84/4,87/5,94/5,99/5,113/6,117/6,131/6,143/6,150/6,150/6,chased,2022,1304087
5/0,7/0,13/1,16/1,32/1,39/1,42/1,52/1,60/1,67/1,82/1,89/1,99/2,105/3,109/5,111/6,118/6,132/7,144/8,153/8,4/0,6/0,21/0,29/0,36/1,46/1,51/2,58/3,65/3,67/3,85/3,88/3,92/4,92/5,103/5,105/6,112/6,117/8,123/8,133/8,defend,2022,1304088
10/0,11/1,19/1,21/1,34/1,43/1,48/1,51/1,60/1,75/1,87/1,94/1,102/1,110/1,117/2,121/2,136/3,144/4,155/5,170/6,10/0,18/0,23/0,30/0,34/0,46/0,50/0,55/1,69/2,77/2,82/3,94/3,96/4,100/4,113/4,128/4,135/4,152/4,164/4,174/4,chased,2022,1304089
3/0,7/0,19/0,26/0,37/1,40/1,53/1,56/2,64/2,73/2,78/2,81/2,87/2,91/2,102/3,126/4,130/4,143/5,155/5,158/6,12/0,22/0,24/1,33/1,36/1,41/2,61/2,66/2,70/2,75/2,85/2,95/2,102/2,113/2,122/3,124/4,134/4,147/4,155/4,161/5,chased,2022,1304090
6/0,22/0,25/0,41/0,49/1,57/1,61/1,73/1,80/1,94/1,105/1,117/1,129/1,134/1,145/2,148/2,159/2,167/2,180/3,195/3,1/0,9/1,13/2,32/2,49/2,66/2,73/2,78/3,87/4,94/4,95/4,113/4,120/5,124/5,135/5,146/5,150/7,160/7,175/7,189/7,defend,2022,1304091
3/0,9/0,18/0,23/0,31/0,40/0,47/0,60/0,74/0,85/0,100/0,117/0,123/0,133/0,153/0,166/0,172/0,183/1,191/1,202/2,10/0,24/0,36/0,46/0,52/0,58/2,62/2,72/2,75/2,89/3,97/3,102/3,113/3,125/3,131/4,135/4,147/4,153/6,165/6,189/6,defend,2022,1304092
4/0,7/0,7/1,12/1,27/1,38/1,42/1,49/1,58/2,62/2,74/2,78/2,90/2,100/3,105/3,108/3,115/4,122/5,142/5,152/5,6/0,11/0,15/0,21/1,25/1,32/2,40/2,46/2,50/2,59/2,75/2,85/2,96/3,101/3,107/3,114/3,122/3,135/3,152/3,158/3,chased,2022,1304093
4/0,17/0,22/1,34/2,38/2,42/2,46/3,50/3,56/3,62/3,66/3,73/4,83/4,92/4,98/4,108/4,114/6,125/7,132/8,143/8,2/0,10/0,18/1,30/1,35/1,43/1,58/1,62/1,69/1,76/1,84/1,97/2,104/2,113/2,117/2,145/2,145/2,145/2,145/2,145/2,chased,2022,1304094
6/0,14/0,20/0,33/0,51/0,57/0,62/0,66/1,76/2,79/3,84/3,95/3,99/3,110/3,123/3,131/4,137/4,155/4,157/7,173/8,9/0,12/0,22/0,25/0,37/0,51/0,59/1,62/2,72/2,77/3,85/3,92/3,102/3,109/3,118/4,122/5,127/5,135/6,143/7,160/8,defend,2022,1304095
0/1,11/1,12/1,33/1,39/2,50/2,51/2,62/2,85/3,91/3,101/3,112/3,123/3,135/3,137/3,147/3,165/3,174/3,188/3,207/3,4/0,9/1,16/1,23/1,24/2,35/2,37/3,44/3,48/3,63/3,77/3,90/3,101/4,117/4,134/5,146/5,153/6,165/7,181/7,186/8,defend,2022,1304096
5/0,19/0,29/0,40/0,53/0,63/0,74/0,76/1,87/1,97/1,105/2,111/3,116/3,119/3,120/4,134/4,142/4,152/4,164/6,177/6,1/0,15/0,19/0,29/0,41/0,54/0,59/0,73/0,88/0,95/0,100/0,106/0,111/2,121/2,130/2,138/3,149/3,158/4,169/4,172/5,defend,2022,1304097
10/0,17/0,17/0,28/0,46/0,48/1,56/1,64/1,76/1,88/1,93/2,105/2,109/2,117/2,122/4,132/4,147/4,158/4,173/5,189/5,14/0,20/0,26/0,46/1,56/1,67/1,74/1,85/1,89/2,95/2,106/2,113/2,127/2,140/2,143/3,151/3,163/3,179/3,182/4,190/4,chased,2022,1304098
2/1,12/1,29/1,39/1,49/1,66/1,73/1,76/2,79/2,90/2,100/2,104/2,110/3,116/3,123/4,126/4,133/4,142/4,172/5,176/7,0/1,4/1,6/1,11/2,21/2,25/3,25/4,30/4,55/4,64/4,69/4,79/5,88/7,99/7,101/10,101/10,101/10,101/10,101/10,101/10,defend,2022,1304099
2/1,4/1,14/1,24/1,30/1,47/1,57/1,77/1,85/1,93/1,98/1,105/1,113/2,118/2,125/2,137/2,145/2,156/2,167/3,192/3,1/2,3/2,15/2,20/2,28/2,39/2,46/2,50/2,57/3,69/3,76/3,89/3,93/4,103/4,111/5,114/7,114/9,117/9,124/9,125/10,defend,2022,1304100
5/0,9/0,24/0,29/0,43/0,57/0,61/0,79/0,84/0,100/0,110/1,122/1,131/1,140/1,148/1,167/1,170/2,183/3,199/4,208/6,8/0,17/1,28/1,32/1,48/2,59/2,71/2,73/3,75/3,82/5,85/7,86/7,91/7,94/7,99/7,102/8,109/8,117/10,117/10,117/10,defend,2022,1304101
4/0,16/0,26/0,31/0,48/0,64/1,68/1,75/1,78/1,87/1,100/2,106/2,123/2,136/3,140/5,143/5,156/5,156/8,164/9,165/9,2/1,11/1,16/1,26/1,32/2,37/2,46/2,51/2,58/2,66/2,81/3,83/3,90/4,100/4,102/7,107/7,112/8,113/10,113/10,113/10,defend,2022,1304102
2/0,7/0,13/1,23/1,30/2,35/2,39/2,47/2,51/2,59/3,69/3,76/3,82/3,87/3,92/3,103/4,117/4,122/4,128/4,144/4,2/0,10/0,12/0,23/1,24/2,37/3,44/3,47/4,54/4,58/4,62/5,67/7,70/8,82/10,82/10,82/10,82/10,82/10,82/10,82/10,defend,2022,1304103
5/0,10/0,11/1,23/1,32/1,43/1,49/1,54/1,64/2,68/2,72/2,83/2,97/2,107/2,116/3,125/3,139/4,146/5,154/6,160/6,1/1,1/1,5/1,16/1,28/1,38/1,54/1,56/1,67/1,74/1,83/1,88/1,98/1,105/1,114/1,129/1,144/1,158/2,161/2,161/2,chased,2022,1304104
5/2,5/3,6/3,17/3,25/4,32/5,35/5,45/6,54/6,65/6,71/6,72/6,80/8,85/9,87/9,97/10,97/10,97/10,97/10,97/10,6/1,11/1,21/1,32/2,34/4,36/4,42/4,46/4,55/4,66/4,73/4,80/4,83/5,89/5,103/5,103/5,103/5,103/5,103/5,103/5,chased,2022,1304105
8/0,30/0,43/0,50/0,60/1,83/1,86/2,95/2,101/2,105/3,108/3,123/3,130/3,142/3,152/4,163/4,166/5,181/6,205/6,209/9,7/0,19/0,31/0,34/1,41/3,44/3,53/3,71/3,84/3,95/3,104/4,106/5,109/5,118/5,120/6,130/7,137/8,142/8,147/9,155/9,defend,2022,1304106
9/0,17/1,18/1,20/1,38/1,55/1,63/1,72/3,78/3,83/4,89/4,96/5,100/5,109/5,119/5,129/5,142/5,151/5,157/6,177/6,1/0,11/0,17/0,27/0,30/0,31/1,37/1,54/1,57/2,66/2,69/2,74/3,78/4,91/4,100/5,101/5,107/5,113/7,117/8,123/8,defend,2022,1304107
4/0,8/0,11/1,15/1,30/1,47/1,54/1,61/1,69/2,73/2,76/2,82/2,90/2,96/2,109/2,113/3,116/4,119/4,127/4,133/5,12/0,19/0,29/0,35/0,45/0,53/0,59/0,71/1,76/1,81/1,90/1,96/2,100/2,104/3,108/3,117/3,121/3,127/3,133/3,137/3,chased,2022,1304108
8/0,11/0,16/1,25/1,30/1,51/1,60/1,72/1,75/2,90/2,101/2,107/3,116/3,123/4,130/4,137/4,149/4,154/6,168/6,178/6,3/0,15/0,21/2,22/2,23/2,34/3,44/3,50/3,61/3,66/3,79/3,88/3,94/3,98/4,107/4,116/5,120/7,130/7,145/7,154/8,defend,2022,1304109
5/1,20/1,35/1,45/1,53/2,59/2,67/2,74/2,82/2,86/2,98/3,107/4,109/4,115/5,116/5,123/5,134/5,149/5,152/6,159/7,6/0,14/0,27/0,38/1,44/1,54/3,59/4,61/5,66/5,68/6,70/6,80/6,82/7,89/7,101/7,109/7,121/7,131/9,134/9,142/9,defend,2022,1304110
5/0,12/0,23/1,31/1,46/1,57/1,62/1,77/1,89/1,97/2,102/2,112/2,129/2,143/2,148/2,164/2,173/3,175/5,186/5,193/6,2/0,10/0,20/0,29/0,45/0,51/0,56/0,61/0,78/0,89/0,97/1,102/2,115/2,123/2,127/4,140/4,149/5,175/6,175/7,190/7,defend,2022,1304111
8/0,14/0,22/0,26/0,38/0,44/0,48/0,57/0,68/0,83/0,92/0,97/0,105/0,111/0,122/0,140/0,149/0,164/0,191/0,210/0,4/1,8/1,10/2,31/2,47/2,60/2,65/2,75/3,79/3,99/3,115/3,125/3,127/3,132/4,134/4,144/5,156/6,173/6,190/6,208/8,defend,2022,1304112
14/0,20/0,21/1,23/1,38/1,38/2,49/2,58/2,64/3,72/3,78/3,86/3,91/3,109/3,118/3,122/3,127/4,134/5,151/5,168/5,5/0,8/0,26/0,40/0,49/0,55/0,61/0,72/0,77/0,87/0,93/0,102/0,105/0,113/0,121/1,139/1,148/2,158/2,170/2,170/2,chased,2022,1304113
2/1,3/1,15/1,33/1,49/1,75/1,83/1,87/2,89/3,94/3,96/4,100/4,108/4,111/4,117/4,120/4,126/4,136/4,146/5,150/6,11/0,18/1,26/1,37/1,47/1,52/1,59/1,67/1,71/2,73/2,75/2,80/3,84/3,94/3,104/4,108/4,119/5,132/5,144/5,151/5,chased,2022,1304114
6/0,12/0,21/1,24/2,29/2,37/3,41/3,48/3,52/4,55/4,64/4,84/4,97/4,99/4,106/4,125/5,133/5,142/5,148/6,159/7,1/0,15/0,16/0,24/0,25/0,27/1,33/1,40/1,44/1,62/1,74/1,78/2,88/2,92/2,101/3,114/3,131/3,146/4,155/5,160/5,chased,2022,1304115
5/0,9/0,18/1,24/1,32/1,43/1,52/1,59/1,62/2,71/2,79/3,83/3,87/4,90/4,96/5,99/5,116/5,135/5,147/5,157/8,12/0,22/0,28/1,38/1,47/1,62/1,68/2,77/3,92/3,97/3,103/3,109/3,120/4,133/5,156/5,160/5,160/5,160/5,160/5,160/5,chased,2022,1304116
9/0,11/1,18/1,28/1,42/1,55/1,61/1,73/1,75/1,79/2,83/2,92/2,98/2,116/2,124/3,127/3,145/3,159/3,172/4,188/6,4/1,18/1,29/1,31/1,47/1,64/1,68/1,72/2,79/2,97/3,104/3,109/3,115/3,129/3,139/3,146/3,155/3,166/3,173/3,191/3,chased,2022,1312197
4/1,13/1,20/1,24/1,32/1,52/1,60/1,69/1,77/2,84/2,90/3,106/3,115/3,117/4,123/4,150/4,165/4,173/4,194/4,207/4,8/1,13/1,20/1,31/1,45/2,62/2,67/2,79/2,84/2,89/2,98/2,102/2,109/2,125/2,143/3,153/3,167/3,175/4,184/6,193/6,defend,2022,1312198
8/0,13/1,17/1,25/1,37/1,46/1,52/1,58/1,69/1,74/1,81/2,92/2,107/2,111/3,123/3,132/4,139/4,146/5,154/7,157/8,16/0,22/0,37/0,42/0,61/0,67/1,77/1,81/1,97/1,103/1,112/1,114/2,117/2,122/2,126/2,140/2,148/3,155/3,161/3,161/3,chased,2022,1312199
2/0,7/0,21/0,31/1,37/1,44/1,54/1,59/1,60/2,71/2,75/2,79/3,82/4,84/4,94/5,98/6,104/6,120/7,123/7,130/9,5/0,11/1,11/1,22/1,25/2,31/2,35/2,38/2,48/2,54/2,62/2,77/2,84/2,89/3,97/3,109/3,122/3,127/3,133/3,133/3,chased,2022,1312200
5/0,6/0,12/0,24/1,30/1,41/1,55/1,70/1,83/1,86/1,94/2,98/2,105/3,120/3,128/3,135/4,142/4,146/5,158/5,159/9,10/0,15/0,21/0,35/0,41/1,46/2,50/2,63/2,69/2,75/2,84/2,95/2,99/3,103/3,106/5,121/5,126/6,141/6,153/7,160/8,chased,2021,1254058
5/0,7/1,11/2,20/2,30/2,33/2,43/2,48/2,66/3,71/3,81/3,98/3,117/3,124/4,136/4,143/6,150/6,155/6,178/6,188/7,9/0,16/0,24/0,41/0,58/0,65/0,70/0,75/0,86/0,99/0,113/0,121/0,136/0,139/1,151/1,158/1,172/2,182/2,190/3,190/3,chased,2021,1254059
4/0,13/0,19/0,33/0,45/0,50/0,53/1,64/1,69/1,83/1,92/1,105/1,114/1,126/1,145/1,152/2,159/3,162/5,171/5,187/6,8/0,10/1,11/2,20/2,32/2,35/2,45/2,60/2,69/2,77/2,89/2,100/2,102/3,113/3,119/3,131/4,144/4,150/5,166/5,177/5,defend,2021,1254060
10/0,21/0,22/1,31/1,39/1,46/1,58/1,70/1,82/1,89/2,102/2,110/2,130/2,150/2,161/2,172/2,187/2,201/4,216/4,221/6,4/1,17/1,25/1,30/2,48/2,59/2,68/2,78/3,87/3,95/3,109/3,117/3,128/4,141/4,154/4,174/4,182/5,201/5,209/6,217/7,defend,2021,1254061
3/0,10/1,24/1,28/1,37/1,42/1,48/1,64/1,70/1,81/1,88/2,91/3,94/3,106/3,114/3,119/4,125/5,130/7,142/7,152/10,4/0,8/0,19/0,28/0,32/0,45/0,50/0,62/0,73/1,81/1,85/2,97/2,104/3,113/3,122/4,123/5,131/5,134/5,138/5,142/7,defend,2021,1254062
6/0,16/0,20/1,26/1,36/1,47/1,48/2,55/2,58/2,63/2,85/2,91/2,92/3,96/4,103/4,106/5,110/6,124/6,136/6,149/8,4/0,13/0,15/1,32/1,38/1,50/1,57/1,65/1,70/1,77/1,87/1,89/1,96/1,102/2,108/2,115/2,116/5,123/6,134/7,143/9,defend,2021,1254063
2/0,5/1,16/1,20/2,31/2,36/3,37/4,46/4,54/4,57/4,77/4,85/4,93/5,95/5,102/6,107/6,115/6,124/6,136/8,147/8,3/0,5/0,13/2,18/3,21/3,26/3,31/3,36/4,41/4,52/5,56/5,58/5,73/5,85/5,90/6,105/7,114/7,121/7,136/7,150/7,chased,2021,1254064
2/1,7/1,17/2,18/2,19/4,26/4,26/5,34/5,45/5,48/5,52/5,57/5,61/6,64/6,73/6,81/6,87/7,96/7,100/7,106/8,2/0,4/0,8/0,22/0,24/1,32/1,37/1,47/1,53/1,64/1,74/1,84/1,95/2,97/2,102/4,107/4,107/4,107/4,107/4,107/4,chased,2021,1254065
8/0,16/0,29/0,38/0,48/0,53/0,59/1,64/1,72/2,75/2,80/2,89/2,94/2,98/3,101/3,107/3,115/4,126/4,133/5,150/5,2/0,5/0,23/0,42/0,55/0,57/0,67/0,68/1,71/2,74/2,85/2,92/3,96/3,102/3,104/5,120/5,124/5,130/7,135/8,137/10,defend,2021,1254066
6/0,9/2,12/2,19/2,28/2,45/2,53/2,67/2,78/2,84/2,95/2,101/3,106/3,117/3,134/3,145/3,148/4,165/4,183/4,204/4,7/0,27/1,29/1,36/1,45/1,57/2,67/3,73/3,75/4,83/4,93/4,98/4,112/4,115/5,121/5,126/5,146/5,161/7,162/7,166/8,defend,2021,1254067
5/0,25/0,35/0,43/0,50/0,59/0,63/0,74/0,87/0,94/0,114/0,120/0,124/1,128/1,140/1,150/2,162/3,170/3,179/4,195/4,10/0,21/0,31/0,43/0,57/0,62/1,68/1,75/1,87/1,99/1,107/2,117/2,125/2,143/2,152/3,160/3,180/3,188/4,198/4,198/4,chased,2021,1254068
5/0,14/0,22/0,25/1,44/1,46/2,59/2,66/2,77/2,82/3,98/3,112/3,120/3,125/5,127/5,133/5,143/5,158/6,173/7,188/9,11/0,14/0,22/0,30/1,43/1,45/2,49/2,60/2,70/2,81/2,87/2,90/4,92/5,95/5,97/7,105/7,109/7,122/7,137/8,143/9,defend,2021,1254069
6/0,9/0,16/1,31/1,45/1,55/1,67/2,70/2,77/4,78/4,82/5,84/6,89/6,96/6,101/6,114/6,120/6,125/7,130/8,137/9,5/0,16/1,22/1,28/1,34/1,39/1,47/1,52/1,64/1,68/2,76/2,83/2,86/2,90/2,101/3,107/3,116/4,123/4,133/4,138/4,chased,2021,1254070
3/0,9/0,15/0,19/1,26/1,32/1,39/2,45/3,47/4,53/4,60/4,66/5,75/5,84/6,94/6,98/6,102/7,110/7,114/8,120/10,6/0,17/0,27/0,33/0,40/0,50/0,56/0,58/0,64/0,73/0,73/1,80/1,87/1,91/1,95/1,100/1,104/1,111/1,121/1,121/1,chased,2021,1254071
4/0,19/0,25/0,37/0,44/0,54/0,60/0,72/0,77/0,82/0,98/0,115/0,121/1,130/1,144/1,155/1,172/2,186/2,201/3,220/3,5/1,14/1,17/2,22/2,31/4,45/5,53/5,66/5,73/5,97/5,111/5,123/6,127/6,138/6,146/7,176/7,181/8,193/8,201/9,202/10,defend,2021,1254072
8/0,13/0,14/1,17/2,22/3,32/3,37/3,47/4,64/4,70/4,81/4,96/4,104/4,120/5,128/5,136/6,145/6,157/6,170/7,177/9,8/0,14/0,24/0,39/0,49/0,59/0,67/0,81/0,96/0,107/0,117/0,129/0,142/0,159/0,162/0,170/0,181/0,181/0,181/0,181/0,chased,2021,1254073
4/0,7/1,10/1,12/1,17/1,21/1,26/2,37/2,39/2,49/2,56/2,66/2,76/2,88/2,97/2,105/2,111/3,114/4,125/5,131/6,1/0,16/0,25/0,37/0,40/0,45/0,52/0,56/1,57/1,62/1,63/1,70/1,82/1,93/1,99/1,108/1,115/1,132/1,132/1,132/1,chased,2021,1254074
3/0,8/0,14/0,21/0,23/0,25/1,37/1,45/1,51/2,55/3,62/4,71/4,76/4,84/4,93/4,98/5,110/5,118/7,127/7,133/9,2/0,12/0,17/0,30/1,41/2,50/2,59/2,64/2,77/2,80/2,85/3,92/3,97/3,101/4,104/4,113/4,121/4,129/4,134/4,134/4,chased,2021,1254075
6/0,10/0,21/0,31/0,37/0,51/0,60/0,68/0,74/0,83/1,90/1,97/1,110/1,111/3,117/3,134/3,140/3,145/4,154/4,191/4,10/0,28/0,44/0,45/1,54/2,65/2,68/3,73/3,79/4,83/5,83/6,89/7,93/7,94/8,95/8,103/9,104/9,109/9,111/9,122/9,defend,2021,1254076
12/0,26/0,33/0,39/0,48/0,51/0,56/0,67/0,76/0,80/0,83/1,86/2,96/2,104/2,116/2,127/2,131/2,142/2,145/4,159/4,20/0,25/0,37/0,49/1,60/1,71/2,77/2,79/2,87/2,95/2,99/2,103/3,111/3,119/3,125/4,132/4,136/6,147/6,159/7,174/7,unknown,2021,1254077
2/0,14/0,20/0,27/0,29/0,37/1,41/2,44/3,46/3,56/3,60/3,63/4,75/4,78/5,82/6,91/6,95/6,98/7,109/8,123/9,5/1,10/2,17/3,27/3,37/3,42/3,46/3,59/3,68/3,76/3,83/4,88/4,91/4,98/4,102/5,115/5,126/5,126/5,126/5,126/5,chased,2021,1254078
6/0,16/0,25/0,30/1,30/2,36/2,47/2,57/2,62/3,68/3,79/3,87/3,94/3,105/3,115/4,124/4,128/4,139/5,148/5,171/5,7/0,23/0,27/1,33/2,35/2,43/2,46/2,50/3,53/3,62/3,69/3,81/3,93/4,97/4,111/4,116/4,126/4,147/4,158/4,170/4,defend,2021,1254079
3/0,9/0,20/0,25/1,32/1,39/1,47/1,54/1,59/1,69/1,77/1,82/1,92/1,102/1,113/1,121/1,127/1,138/3,158/3,171/3,5/0,15/0,21/0,31/0,43/0,50/0,63/0,67/0,84/0,91/0,100/0,115/0,129/1,137/1,148/3,150/3,158/3,167/3,173/3,173/3,chased,2021,1254080
5/0,11/0,19/0,20/0,33/0,47/0,58/0,71/1,83/1,91/2,92/2,100/2,109/2,113/2,126/2,140/2,145/2,155/3,159/4,171/4,4/0,7/0,14/0,27/0,36/0,49/1,63/1,71/1,83/1,87/2,97/2,106/2,111/2,119/2,131/2,140/2,147/3,163/3,172/3,172/3,chased,2021,1254081
4/0,10/0,18/0,25/1,32/1,45/1,49/1,58/1,65/1,73/2,75/4,78/4,82/5,86/5,95/5,105/5,112/6,123/6,141/6,154/6,25/0,35/0,43/0,57/0,66/0,67/0,71/0,81/0,84/0,95/0,104/0,113/0,123/0,132/1,146/1,150/3,156/3,156/3,156/3,156/3,chased,2021,1254082
3/0,13/0,18/0,21/1,29/1,49/1,64/1,70/1,83/1,90/1,100/2,109/3,113/3,117/4,119/5,126/5,132/5,150/5,157/5,179/5,7/0,12/0,20/1,25/1,32/1,36/1,46/1,50/1,59/1,62/1,62/3,69/3,71/4,84/4,92/5,96/7,102/7,117/7,133/7,145/8,defend,2021,1254083
4/1,15/1,27/1,33/1,42/1,49/1,53/1,61/1,77/1,95/1,112/2,116/4,118/4,126/4,136/4,153/4,174/4,194/4,204/4,218/4,8/0,15/0,30/0,40/0,44/0,58/0,68/0,74/1,80/2,81/3,84/3,94/3,114/3,130/3,153/3,169/3,171/4,188/4,203/6,219/6,chased,2021,1254084
2/0,5/0,17/1,29/1,33/1,42/1,60/1,67/1,71/1,77/1,86/1,94/1,111/1,125/1,146/1,159/1,172/2,185/2,209/3,220/3,4/0,11/0,14/0,30/0,46/0,57/0,61/1,70/2,74/2,82/2,89/3,100/3,109/4,126/4,129/5,140/5,142/7,149/8,158/8,165/8,defend,2021,1254085
0/0,6/0,15/0,18/1,29/1,39/2,47/2,53/2,61/2,63/2,65/2,78/2,87/2,90/4,102/4,117/4,128/4,132/5,143/6,166/6,9/0,24/0,27/0,37/0,46/0,63/0,66/1,74/1,81/1,87/1,96/1,106/1,111/2,126/2,139/2,144/2,148/3,167/3,167/3,167/3,chased,2021,1254086
4/0,12/1,20/1,28/1,35/1,41/2,47/2,51/2,52/4,54/4,60/4,63/6,66/6,68/7,75/7,79/8,83/9,89/9,92/10,92/10,10/0,20/0,22/0,29/0,45/0,56/0,62/0,75/0,82/0,94/1,94/1,94/1,94/1,94/1,94/1,94/1,94/1,94/1,94/1,94/1,chased,2021,1254087
8/0,26/0,41/0,63/0,78/0,83/1,96/1,112/1,124/2,131/3,139/3,146/3,151/5,167/5,177/5,190/6,204/6,217/7,230/7,235/9,5/0,15/0,31/0,47/0,60/0,70/1,79/2,95/2,100/3,105/4,111/4,127/4,138/4,142/4,156/4,166/5,176/6,179/7,182/8,193/8,defend,2021,1254088
10/0,12/0,20/0,25/0,34/0,44/0,48/1,52/1,59/2,63/2,71/2,83/2,97/2,100/2,116/3,133/3,141/4,155/4,167/4,189/4,8/0,24/0,41/0,53/0,75/0,81/1,89/2,95/2,104/2,119/2,127/2,141/2,153/2,160/2,165/2,170/3,186/3,190/3,190/3,190/3,chased,2021,1254089
5/0,11/0,24/0,34/0,42/0,55/0,57/0,60/0,67/0,69/2,71/2,73/3,89/3,93/3,109/3,115/3,132/3,140/3,156/4,164/7,3/0,7/0,19/0,33/0,46/0,49/0,56/0,67/0,72/0,81/0,92/1,94/1,100/2,102/2,113/2,121/4,128/5,138/5,146/5,158/6,defend,2021,1254090
4/0,5/0,19/0,29/1,35/1,41/1,45/2,49/2,57/2,63/2,67/3,72/3,76/4,88/4,97/4,102/4,111/6,115/6,126/7,134/7,5/0,7/0,12/0,27/0,36/0,47/0,58/0,60/0,68/0,75/0,83/1,91/1,97/1,103/1,105/2,109/4,113/4,119/4,132/4,139/4,chased,2021,1254091
5/0,12/0,22/0,29/0,35/1,39/1,42/2,47/2,52/2,64/2,73/2,77/2,81/3,88/4,89/5,98/6,102/6,110/6,120/6,127/9,9/0,16/0,22/0,26/0,36/1,44/2,52/2,54/2,62/2,67/2,67/3,69/4,76/4,96/4,98/5,119/5,122/6,126/7,130/7,130/7,chased,2021,1254092
6/0,21/0,26/0,32/1,37/1,41/2,43/3,47/3,49/4,50/5,54/5,56/5,62/5,67/5,71/6,74/7,76/8,78/8,83/9,90/9,14/0,14/0,23/0,35/1,48/1,56/2,60/2,84/2,94/2,94/2,94/2,94/2,94/2,94/2,94/2,94/2,94/2,94/2,94/2,94/2,chased,2021,1254093
3/0,11/0,13/0,19/1,20/1,30/2,33/3,39/3,44/4,53/4,55/4,61/5,66/5,75/5,82/5,86/5,96/5,108/5,118/5,134/6,11/0,13/0,27/0,42/0,46/2,51/2,62/2,71/2,80/3,92/3,106/3,126/3,139/4,139/4,139/4,139/4,139/4,139/4,139/4,139/4,chased,2021,1254094
2/0,14/1,23/1,26/1,43/1,50/1,58/1,61/1,67/1,76/1,81/1,91/2,96/2,105/2,107/4,113/5,120/5,130/6,136/6,141/7,6/1,13/1,18/1,18/2,25/2,37/2,38/3,47/3,52/3,67/3,71/3,77/3,86/3,92/3,98/4,104/4,113/5,124/5,129/6,137/6,defend,2021,1254095
5/0,9/0,20/0,29/0,40/0,56/0,60/0,63/0,77/0,80/1,86/1,89/1,93/2,101/2,106/3,119/3,121/4,139/4,149/4,155/6,15/0,30/0,40/1,48/1,51/1,63/1,74/1,85/1,97/1,111/1,117/1,128/2,145/2,147/2,155/3,159/3,159/3,159/3,159/3,159/3,chased,2021,1254096
6/0,11/0,18/0,21/1,25/2,36/2,42/2,47/2,56/2,66/2,79/2,84/3,90/3,92/4,104/4,120/4,124/5,135/5,145/6,154/6,6/1,11/2,15/2,17/2,19/3,21/3,28/3,34/3,43/3,48/3,49/4,56/5,59/5,68/5,82/5,91/5,99/5,101/6,110/6,121/6,defend,2021,1254097
10/1,19/1,26/1,40/1,50/1,50/2,55/2,64/2,70/2,78/3,84/3,89/3,93/4,104/4,118/4,121/4,127/5,139/5,158/5,171/6,5/0,9/0,18/0,28/0,42/0,52/0,63/0,68/0,78/1,89/1,101/1,106/2,112/2,115/2,127/3,132/3,141/4,146/6,168/6,172/8,chased,2021,1254098
4/0,12/0,21/0,32/0,35/0,38/1,46/3,50/4,57/4,62/4,69/4,75/4,83/4,90/4,105/4,112/5,118/5,122/5,127/6,135/6,6/0,12/0,15/0,18/2,25/2,30/2,35/2,43/2,54/2,62/3,68/3,75/3,78/3,84/3,92/3,96/4,107/4,120/4,137/4,137/4,chased,2021,1254099
11/0,11/1,22/1,33/1,37/1,49/1,57/1,60/1,68/2,77/2,81/3,83/3,92/3,102/3,113/3,133/3,143/3,153/3,160/3,164/5,8/0,14/0,26/0,39/0,57/0,63/1,68/1,75/1,81/1,90/1,111/1,114/2,119/3,124/3,131/3,139/3,143/3,159/3,167/3,167/3,chased,2021,1254100
10/0,20/0,25/0,31/0,45/0,55/0,59/0,68/0,77/0,88/0,95/1,105/2,108/3,112/3,128/3,133/3,141/3,148/4,158/4,164/5,4/1,6/1,11/2,23/2,27/2,29/2,37/2,48/2,54/2,61/3,66/3,75/3,85/3,96/3,108/3,119/3,134/3,146/3,150/3,166/3,chased,2021,1254101
10/0,17/0,23/1,30/1,37/1,48/1,55/1,63/1,73/1,76/1,88/1,93/2,104/2,115/2,121/3,125/4,137/4,151/5,158/6,165/7,7/0,13/0,25/0,30/0,33/0,46/0,51/0,63/0,71/1,76/1,85/2,92/2,103/2,109/2,121/2,131/3,142/4,151/4,161/4,168/5,chased,2021,1254102
3/0,8/0,21/0,39/0,52/0,56/0,67/0,71/0,81/1,91/1,100/1,109/2,113/3,117/5,120/5,126/5,129/6,137/6,146/6,149/9,12/0,26/0,29/0,41/0,48/0,54/1,59/2,66/2,75/2,79/2,86/2,95/2,106/2,115/2,123/2,127/3,149/3,153/3,153/3,153/3,chased,2021,1254103
1/1,3/3,7/4,11/4,18/4,24/5,27/5,31/5,35/5,44/5,48/5,66/5,74/5,81/5,87/5,98/5,107/6,117/6,141/6,156/7,2/0,14/0,20/1,34/1,35/2,41/3,45/3,48/3,54/3,62/4,75/4,82/4,87/4,91/5,97/6,104/6,108/6,118/6,133/6,136/8,defend,2021,1254104
6/1,12/1,16/1,23/1,29/2,32/2,39/2,43/2,58/2,61/3,66/4,71/4,74/5,78/5,90/5,97/6,107/6,111/6,125/7,134/9,4/0,12/0,20/1,27/1,29/1,39/1,45/1,51/1,60/1,69/1,73/2,80/2,85/2,96/2,99/2,110/2,126/2,139/2,139/2,139/2,chased,2021,1254105
8/0,15/0,17/0,20/0,31/0,34/0,44/0,50/0,55/0,69/0,80/1,97/2,106/2,119/2,127/2,135/3,145/3,148/4,155/4,171/4,1/1,4/2,12/2,13/4,16/4,17/4,30/4,34/6,35/7,49/7,58/7,66/8,74/8,75/8,83/8,85/9,85/10,85/10,85/10,85/10,defend,2021,1254106
3/0,13/0,19/0,26/0,27/2,29/2,32/2,39/2,45/2,55/2,58/3,68/4,74/4,84/4,93/5,97/6,100/6,104/6,111/6,125/7,2/1,10/1,10/2,12/2,15/2,20/2,25/2,32/3,39/3,43/3,47/3,56/3,60/5,64/5,75/5,91/5,96/6,105/6,109/7,120/7,defend,2021,1254107
7/0,10/1,15/1,31/1,44/1,48/1,58/1,63/1,75/2,82/2,85/2,97/2,109/2,117/2,119/2,126/3,139/3,156/3,162/5,165/6,5/0,10/0,27/0,36/0,51/0,56/0,58/1,69/1,75/1,79/2,82/3,86/3,93/3,97/4,99/5,105/5,111/8,111/9,111/10,111/10,defend,2021,1254108
4/1,6/1,14/1,16/2,17/2,35/2,39/3,42/3,46/3,51/3,53/4,57/4,67/4,70/4,79/5,80/5,94/6,99/7,106/8,115/8,2/0,9/0,11/0,21/0,27/1,36/1,38/2,40/2,42/2,44/2,51/2,63/2,72/2,78/2,84/2,92/2,99/3,106/4,113/4,119/4,chased,2021,1254109
16/0,26/0,30/1,36/1,41/2,48/2,56/2,61/3,65/4,69/4,72/4,80/4,85/4,88/4,93/4,99/4,104/4,118/4,132/4,136/5,8/0,19/0,24/1,27/1,48/1,51/2,56/2,63/2,72/3,75/3,84/3,88/3,94/4,98/4,99/6,104/6,109/6,121/6,131/6,139/7,chased,2021,1254110
9/0,18/0,23/0,40/0,53/0,57/1,68/1,76/2,86/2,94/2,101/2,116/3,122/3,136/3,140/4,164/4,168/5,175/6,178/8,185/10,4/0,9/0,16/0,35/0,41/0,49/0,57/0,72/0,81/0,106/0,113/0,120/1,126/2,142/2,148/2,154/2,168/2,178/2,182/2,183/4,defend,2021,1254111
7/0,12/1,21/1,23/1,32/1,35/1,40/2,52/2,57/2,66/2,73/3,76/3,80/4,87/4,87/5,88/5,100/5,109/5,116/7,129/8,6/0,14/1,21/2,30/2,35/3,46/3,51/3,55/3,60/4,65/4,74/4,80/5,93/5,94/6,100/6,105/6,111/6,119/6,126/6,132/6,chased,2021,1254112
13/0,18/0,28/0,36/0,46/0,55/0,61/0,70/0,82/0,90/0,96/0,104/0,111/0,114/1,118/1,131/1,140/3,150/3,154/4,156/6,8/0,18/0,23/0,35/0,43/0,59/0,62/0,67/0,71/1,78/2,90/2,100/2,112/2,118/3,125/3,134/4,145/4,155/4,157/4,157/4,chased,2021,1254113
3/0,15/0,32/0,36/1,50/1,51/2,60/2,64/2,74/2,79/3,83/4,90/4,96/4,107/4,114/4,128/4,141/4,153/4,164/5,172/5,8/1,16/1,20/1,34/1,39/1,59/1,64/1,68/1,75/1,81/1,94/1,99/1,111/1,117/3,121/4,129/4,138/4,149/4,160/5,173/6,chased,2021,1254114
7/0,17/0,24/0,36/0,49/0,53/1,57/1,62/1,66/1,70/2,79/2,87/2,94/3,100/3,108/4,111/4,113/5,119/5,126/6,138/7,7/0,16/0,19/0,34/0,40/0,48/1,53/2,57/2,61/2,74/2,79/3,101/3,107/3,110/3,112/4,120/4,124/4,127/6,132/6,139/6,chased,2021,1254115
1/0,6/0,18/0,32/0,34/1,38/1,49/1,52/1,55/1,65/1,70/1,73/2,77/2,83/2,90/3,92/4,99/4,114/4,120/5,135/5,6/0,15/0,21/0,30/0,42/0,51/0,56/0,61/0,67/0,76/0,88/0,92/0,98/1,108/1,113/1,123/2,125/3,126/4,129/5,136/7,chased,2021,1254116
6/0,9/0,22/0,34/0,42/0,50/0,56/0,61/0,65/1,80/1,97/1,104/1,116/1,125/2,131/2,139/2,153/2,172/2,185/2,192/3,6/0,15/0,24/0,36/0,47/0,55/0,59/0,68/0,72/0,88/0,93/2,99/3,108/3,117/4,120/6,125/7,127/8,145/8,162/8,165/9,defend,2021,1254117
12/0,19/0,27/0,45/0,48/1,51/2,60/2,68/2,83/2,86/2,92/3,105/3,116/3,121/3,126/5,136/5,140/6,151/6,156/8,162/9,5/1,6/2,12/2,19/2,23/2,37/2,43/2,51/2,58/2,70/2,81/2,88/2,99/2,105/2,116/2,121/3,134/3,147/4,158/5,166/5,chased,2020,1216492
5/0,7/1,8/1,13/3,21/3,23/3,27/3,32/3,45/3,49/3,56/3,64/3,79/3,86/4,93/5,96/5,100/6,113/6,127/7,157/8,10/2,19/2,24/2,33/2,38/3,40/5,45/6,48/6,57/6,60/7,69/7,73/7,85/7,89/7,103/7,110/8,121/8,138/8,150/8,162/10,unknown,2020,1216493
3/0,3/2,13/3,14/4,15/4,17/4,23/4,30/4,33/5,36/5,39/5,39/5,41/6,46/6,52/6,58/7,65/7,68/7,74/7,84/8,4/0,8/0,15/0,28/0,37/0,44/0,46/2,48/2,54/2,63/2,67/2,77/2,82/2,85/2,85/2,85/2,85/2,85/2,85/2,85/2,chased,2020,1216494
5/0,10/0,16/1,23/1,39/2,48/2,52/2,59/2,65/2,78/2,81/2,82/4,87/5,90/5,98/5,109/5,116/6,119/7,139/7,149/8,3/0,14/0,24/0,40/0,49/0,56/0,65/0,71/0,84/0,89/0,97/0,110/0,122/0,131/0,137/0,144/0,147/0,151/0,151/0,151/0,chased,2020,1216495
4/0,7/0,17/1,26/1,40/1,54/1,68/1,96/1,100/1,119/1,129/1,134/3,137/3,149/3,154/4,166/4,173/6,177/6,186/7,216/7,5/0,8/0,19/0,25/0,36/0,53/0,57/1,64/2,77/4,82/4,86/4,101/4,108/4,115/5,131/5,138/5,159/5,169/5,179/6,200/6,defend,2020,1216496
8/0,11/1,16/1,22/1,29/1,36/2,41/2,44/3,57/3,75/3,86/3,103/3,111/3,127/3,142/3,151/3,161/4,170/4,184/4,194/6,4/1,12/1,13/2,21/2,33/2,36/2,44/2,51/2,58/2,64/2,76/2,81/3,94/3,99/5,110/5,112/7,119/7,127/7,132/8,135/9,defend,2020,1216497
5/0,9/0,13/0,24/0,37/1,47/1,56/1,60/1,61/1,66/2,69/3,75/3,80/3,87/4,88/5,94/5,101/5,108/6,117/7,126/7,11/0,22/0,29/0,34/0,44/0,52/0,57/1,61/2,67/3,70/3,74/3,77/3,79/3,89/3,97/3,99/3,107/4,110/5,113/7,114/10,defend,2020,1216498
5/0,10/0,22/0,32/0,42/0,54/0,60/0,73/1,77/1,88/1,93/1,97/2,100/2,113/2,129/2,134/3,134/5,146/6,151/6,164/6,5/0,15/0,21/0,31/0,36/0,45/1,49/1,53/2,58/2,70/2,73/3,86/3,99/3,107/4,117/4,130/4,138/4,149/4,162/5,166/5,chased,2020,1216499
7/0,13/1,31/1,38/1,43/2,51/3,66/3,70/3,78/3,87/4,92/4,96/4,107/4,111/5,122/5,135/5,149/6,159/6,181/7,184/8,10/0,13/0,16/1,30/1,33/1,41/1,50/1,56/1,59/2,65/2,75/3,82/4,89/5,91/6,101/7,107/7,120/7,129/8,136/8,138/10,defend,2020,1216500
7/0,10/0,25/0,36/0,41/1,52/1,64/1,70/1,74/2,93/2,98/3,105/3,109/3,114/4,128/4,133/5,140/6,154/6,162/7,167/10,6/0,18/0,25/0,32/1,41/1,54/1,62/1,69/1,78/1,90/1,94/1,99/1,101/2,104/3,110/3,124/3,129/4,132/5,142/5,157/5,defend,2020,1216501
3/0,8/0,13/1,24/1,29/2,30/2,38/2,42/2,52/2,61/2,71/3,76/4,83/4,86/4,93/4,99/4,106/4,111/5,116/7,120/7,4/0,11/1,22/1,31/1,46/1,58/1,60/2,64/2,67/2,74/2,82/3,87/3,96/4,115/5,121/5,121/5,121/5,121/5,121/5,121/5,chased,2020,1216502
0/1,8/1,18/1,22/2,29/2,41/2,47/2,51/2,58/2,62/2,73/2,80/2,83/2,87/3,102/3,124/3,129/4,147/4,166/4,191/4,12/0,24/0,33/0,37/0,38/1,41/2,45/2,60/2,64/3,72/3,87/3,94/3,99/3,105/4,109/5,112/6,121/6,123/7,135/8,143/8,defend,2020,1216503
1/0,10/0,14/0,25/0,36/1,42/1,52/1,66/1,76/1,82/2,89/2,90/3,106/3,108/4,120/5,127/5,141/5,149/6,158/6,174/6,12/0,15/1,21/1,30/1,36/2,39/2,41/3,43/5,50/5,61/5,67/6,73/6,77/6,81/7,90/8,97/8,103/8,106/9,126/9,137/9,defend,2020,1216504
4/0,10/0,16/0,25/0,31/1,40/1,46/1,52/1,56/1,60/1,68/1,81/1,83/2,90/2,103/2,112/4,117/4,134/4,145/5,152/7,11/0,19/1,28/1,34/1,42/1,53/1,62/1,66/1,73/1,81/1,86/1,99/1,109/2,115/2,121/2,128/2,134/3,138/4,154/4,154/4,chased,2020,1216505
10/0,14/0,23/0,34/0,44/0,53/1,56/1,61/1,62/2,65/2,69/3,73/4,77/4,88/4,95/4,107/4,113/5,129/6,139/6,153/6,6/0,11/0,22/0,32/0,44/0,57/0,62/0,69/0,72/0,84/1,89/1,99/1,103/1,113/1,118/1,130/1,138/1,149/1,154/1,154/1,chased,2020,1216506
2/0,5/0,6/0,13/0,23/1,26/1,38/1,49/1,56/1,63/1,74/1,77/1,83/1,93/1,96/2,109/2,117/2,123/3,142/3,158/4,6/0,10/1,14/1,26/2,36/3,36/3,47/3,52/3,63/3,67/4,72/4,78/5,84/5,88/5,94/5,105/5,123/5,137/5,151/5,163/5,chased,2020,1216507
8/0,8/1,24/1,33/1,48/1,59/1,72/1,83/1,88/1,94/1,99/2,105/2,115/2,132/2,147/2,148/3,167/3,178/4,182/5,195/5,0/0,8/0,18/1,19/1,25/2,33/2,41/2,54/2,64/2,71/2,72/3,78/4,82/4,90/4,100/4,102/6,112/7,139/7,142/8,146/9,defend,2020,1216508
2/1,2/1,12/1,15/1,29/1,39/1,43/1,47/1,56/1,71/1,85/1,87/2,94/2,105/2,112/3,122/3,134/4,147/4,163/4,179/4,0/1,8/1,18/1,26/1,29/2,41/2,54/2,60/2,70/2,76/2,88/2,96/3,109/3,118/3,129/3,139/4,150/4,159/4,163/5,185/5,chased,2020,1216509
8/0,17/0,26/0,33/0,41/0,50/0,57/1,65/1,70/1,90/1,95/1,100/1,114/1,118/2,126/2,132/3,146/3,157/3,183/3,206/3,2/1,4/2,5/3,11/3,25/3,40/3,48/3,53/4,60/5,63/5,70/5,80/5,83/6,88/7,95/7,102/8,109/10,109/10,109/10,109/10,defend,2020,1216510
10/0,14/0,29/0,41/0,50/1,57/1,65/1,76/1,88/1,90/3,92/3,104/3,115/3,117/4,125/4,133/4,142/4,161/4,176/4,193/4,5/1,7/2,12/3,16/3,23/3,31/3,35/3,42/3,51/4,63/4,74/4,84/4,97/4,102/5,113/6,115/8,124/8,136/9,136/10,136/10,defend,2020,1216511
6/0,12/0,15/0,28/0,42/0,48/1,53/1,57/1,64/1,77/1,80/1,88/2,93/3,96/3,105/4,111/4,121/4,133/4,147/4,163/5,7/2,17/2,27/2,40/2,51/2,63/2,65/3,73/3,75/4,79/5,85/5,90/6,94/6,105/6,114/6,122/7,132/7,139/7,151/8,168/8,unknown,2020,1216512
4/0,12/0,19/0,31/0,38/0,46/0,55/0,61/0,66/1,71/1,88/1,94/2,101/2,114/2,130/2,141/2,152/2,155/4,166/4,178/4,9/0,16/0,25/0,32/0,41/0,60/0,66/0,81/0,95/0,101/0,112/0,119/0,123/0,135/0,150/0,156/0,168/0,181/0,181/0,181/0,chased,2020,1216513
9/0,16/0,31/1,31/2,33/3,38/3,46/3,50/3,61/3,70/3,73/4,77/4,85/4,89/4,99/4,106/5,116/6,129/6,139/6,154/6,5/0,20/0,27/1,32/1,39/1,50/1,55/1,64/1,71/1,77/1,82/1,91/1,104/1,107/1,118/1,124/2,131/2,147/2,154/2,158/2,chased,2020,1216514
8/0,16/0,29/0,36/0,51/0,57/1,61/1,75/1,78/1,89/1,105/1,121/1,131/2,142/2,151/2,169/2,186/2,201/3,221/3,228/4,4/0,12/1,27/1,39/1,47/1,59/1,61/1,72/1,84/2,94/3,100/3,108/3,118/5,131/6,137/6,151/6,175/6,198/6,203/7,210/8,defend,2020,1216515
6/1,12/1,18/1,27/1,33/1,42/1,47/1,52/2,60/2,63/2,69/4,71/4,77/4,91/4,100/4,111/4,133/4,146/5,157/5,164/5,1/0,4/0,7/1,13/1,26/1,36/3,40/3,41/3,43/4,44/4,55/4,58/4,61/4,71/4,79/4,87/4,102/4,121/5,137/5,157/5,defend,2020,1216516
6/0,15/0,24/1,30/2,38/2,43/3,46/3,53/3,60/3,70/3,80/3,83/3,93/3,102/4,114/4,117/5,122/6,144/6,156/6,176/6,45/4,49/4,69/4,70/5,76/5,87/5,98/5,107/5,111/5,123/6,138/6,141/6,144/7,153/8,161/8,176/8,186/8,191/9,204/9,212/10,unknown,2020,1216517
3/0,9/0,22/0,33/1,43/1,47/1,53/1,57/1,68/1,74/1,77/1,86/2,90/3,99/3,105/3,113/4,118/4,134/4,141/6,154/6,4/1,15/1,16/2,27/2,40/2,58/2,62/2,68/2,76/2,79/2,94/2,97/2,108/2,113/2,118/2,131/2,140/2,152/2,156/2,156/2,chased,2020,1216518
14/0,17/0,31/0,35/0,53/0,63/0,72/1,75/1,78/1,85/2,88/2,94/3,102/3,117/3,134/3,143/3,161/3,171/3,184/4,196/4,5/0,15/0,20/1,27/2,38/2,43/3,49/3,54/3,61/3,63/3,70/3,75/4,91/4,97/5,105/5,115/6,118/6,121/8,127/9,137/9,defend,2020,1216519
9/1,10/3,18/3,23/3,33/3,54/3,66/3,80/3,82/3,92/4,101/5,105/5,107/5,113/5,114/6,114/7,124/7,135/7,144/8,149/9,5/0,9/0,11/0,21/0,34/0,36/0,41/0,47/1,50/1,67/1,76/1,86/1,96/1,104/1,113/1,123/1,136/1,147/1,150/2,150/2,chased,2020,1216520
0/1,3/3,5/4,18/4,21/4,24/5,30/6,32/6,44/7,52/7,56/7,60/7,63/7,67/7,71/8,73/8,82/8,93/8,101/8,114/9,8/0,17/0,22/0,30/0,47/0,52/0,64/0,74/0,89/0,98/0,108/0,112/0,116/0,116/0,116/0,116/0,116/0,116/0,116/0,116/0,chased,2020,1216521
2/0,5/0,21/0,38/0,47/0,52/1,62/1,69/3,76/3,80/3,91/3,96/3,103/3,108/3,119/3,133/4,139/4,158/4,173/4,177/6,4/0,9/0,22/0,27/1,39/1,47/1,51/1,55/1,64/1,77/1,84/1,92/1,102/2,104/3,114/3,124/3,133/3,143/3,168/3,179/3,chased,2020,1216522
7/0,7/0,13/1,15/2,19/2,25/2,38/2,45/2,49/2,60/2,64/3,68/3,75/3,91/3,101/3,115/3,133/3,146/4,155/5,164/6,3/0,8/0,14/0,28/0,36/0,47/0,54/0,62/0,67/0,76/0,86/0,94/0,106/0,113/0,117/1,136/1,143/1,145/2,151/4,162/5,defend,2020,1216523
5/0,20/0,33/0,46/0,55/0,77/0,84/0,95/0,102/0,113/1,127/1,142/1,156/1,165/1,175/2,181/2,196/2,202/2,212/2,219/2,6/1,14/2,18/2,24/2,34/2,54/2,55/4,64/4,66/4,73/4,76/4,82/5,83/6,87/6,96/6,103/7,110/8,125/9,131/10,131/10,defend,2020,1216524
2/0,11/0,15/1,21/1,25/1,36/1,46/1,50/1,55/1,65/1,67/3,69/3,81/3,86/3,95/4,103/4,117/4,141/4,155/4,169/4,4/0,6/0,13/0,19/1,21/1,26/2,30/2,35/2,44/2,47/2,56/2,63/2,75/2,89/2,96/3,106/4,109/5,117/6,126/8,132/8,defend,2020,1216525
3/0,12/0,18/1,25/1,28/1,33/2,40/2,43/4,51/4,57/4,63/5,66/5,82/5,89/5,95/5,99/5,108/5,113/5,127/5,148/5,7/0,16/0,30/0,39/0,48/0,51/0,67/0,71/0,83/0,90/0,94/1,103/1,110/1,113/2,126/2,141/2,149/2,149/2,149/2,149/2,chased,2020,1216526
3/0,11/0,28/0,41/0,58/0,60/0,67/0,86/0,102/0,110/0,120/0,138/0,148/0,161/0,172/0,178/0,185/1,194/2,205/2,223/2,11/0,19/0,30/1,44/1,55/1,69/1,80/1,92/1,100/2,104/2,112/2,118/2,122/2,132/2,140/2,161/2,173/3,203/3,222/5,226/6,chased,2020,1216527
3/0,10/0,12/1,34/1,39/2,44/2,52/2,61/2,64/2,69/2,74/2,84/2,92/2,102/2,116/2,119/3,129/4,138/4,152/5,167/6,4/0,10/0,21/0,27/2,34/2,40/2,46/2,52/2,57/2,60/3,64/3,76/3,82/3,93/3,101/4,109/4,122/5,141/6,146/7,147/8,defend,2020,1216528
7/1,17/1,22/1,23/1,32/2,46/2,51/2,61/2,67/2,80/2,85/2,91/2,95/2,103/2,111/3,127/3,135/4,142/4,150/4,162/4,3/0,7/0,12/0,24/0,31/1,44/1,52/1,60/1,72/1,78/2,81/2,90/2,102/2,116/2,130/3,137/4,145/4,153/5,156/5,166/5,chased,2020,1216529
1/1,13/1,15/1,32/1,43/1,55/1,64/1,68/1,74/3,84/3,88/3,94/4,100/5,121/5,132/5,146/6,152/6,158/6,182/6,191/7,19/1,27/1,32/3,32/4,37/5,41/5,45/5,56/5,66/5,74/5,81/6,93/6,96/6,101/6,107/7,112/7,123/7,127/8,129/9,131/9,defend,2020,1216530
8/0,18/0,27/0,38/0,49/1,57/1,63/2,69/2,75/2,83/2,88/3,94/3,97/3,103/3,122/3,127/4,133/4,137/6,147/6,171/6,1/0,5/0,18/0,33/0,46/0,56/0,65/0,78/1,82/1,84/1,88/1,103/1,119/1,123/1,126/1,146/1,161/1,165/1,170/1,177/2,chased,2020,1216531
9/0,14/0,17/0,20/0,24/0,38/0,52/0,59/0,73/0,82/1,91/1,94/2,99/2,108/2,117/2,128/2,140/2,145/3,158/3,162/4,2/1,5/1,10/1,15/1,27/1,34/1,42/1,43/2,48/2,54/2,60/2,63/3,78/3,88/3,104/3,114/4,119/5,126/6,135/6,147/7,defend,2020,1216532
2/0,10/0,13/1,26/2,41/2,43/2,45/2,51/2,55/3,56/4,61/4,68/4,71/4,85/4,89/4,96/4,100/4,107/5,118/5,125/5,10/0,20/0,26/1,28/2,28/3,31/3,40/3,43/3,51/3,59/3,66/3,79/3,83/3,92/3,108/3,112/3,124/3,126/3,126/3,126/3,chased,2020,1216533
2/0,13/0,20/0,32/0,48/0,53/0,59/0,64/0,75/0,86/0,90/1,95/2,102/2,108/2,116/2,124/3,132/3,141/3,155/3,163/5,6/0,18/1,25/1,30/1,40/1,48/1,55/1,59/1,72/1,78/1,83/1,89/2,94/2,108/2,121/2,127/4,135/6,142/8,146/9,153/10,defend,2020,1216534
1/1,7/1,15/2,18/2,19/2,22/2,28/2,40/2,44/2,49/2,57/3,63/5,69/5,73/6,78/6,87/7,92/7,96/7,107/8,110/9,2/0,7/0,10/0,23/0,27/0,38/0,41/0,48/0,56/0,68/0,74/1,85/1,95/1,105/1,111/1,111/1,111/1,111/1,111/1,111/1,chased,2020,1216535
13/0,16/0,23/0,28/0,33/0,48/0,52/0,60/1,63/2,70/2,82/2,86/2,93/3,97/3,106/3,125/3,136/3,150/4,163/4,172/5,2/0,9/0,23/0,28/0,37/0,44/0,49/0,52/1,58/1,74/1,88/1,100/1,109/1,120/2,121/3,128/3,139/3,143/4,163/4,178/4,chased,2020,1216536
1/1,9/1,14/1,25/1,39/1,53/1,63/1,71/1,73/1,81/1,91/1,97/1,107/1,118/1,123/2,137/2,148/2,162/3,176/3,185/4,9/0,21/0,32/0,48/0,54/0,66/1,71/1,79/1,93/1,103/1,112/2,119/2,132/2,144/2,146/3,156/3,175/3,186/3,186/3,186/3,chased,2020,1216537
6/1,7/1,25/1,32/1,38/1,48/2,59/2,67/2,83/2,90/2,94/2,111/2,126/2,134/3,147/4,149/4,159/4,174/4,187/4,208/5,8/0,20/0,30/0,34/0,42/1,56/1,59/1,70/1,86/1,94/2,109/2,115/2,123/3,130/3,139/4,144/5,158/5,162/5,172/7,174/7,defend,2020,1216538
9/0,11/0,15/0,27/0,30/0,36/0,49/0,62/0,73/0,88/0,94/1,102/1,105/2,113/2,124/2,134/2,146/2,157/2,161/3,175/3,2/0,9/0,10/0,22/0,26/1,34/2,37/2,41/2,44/2,47/3,53/3,60/3,71/3,84/3,95/3,101/4,111/4,121/5,127/5,131/7,defend,2020,1216539
8/0,19/0,27/0,37/0,41/0,47/0,58/0,69/1,72/1,78/1,86/1,90/1,99/2,107/2,111/2,129/2,148/2,165/2,177/2,194/2,7/0,12/0,16/0,23/1,39/1,43/1,46/1,51/2,54/2,61/3,64/4,69/5,71/5,86/6,90/7,95/7,99/8,104/8,108/9,112/9,defend,2020,1216540
10/1,20/1,21/1,34/1,45/1,59/1,62/1,67/1,79/1,89/1,91/2,94/2,101/4,108/4,116/4,121/4,138/4,165/4,168/5,195/5,5/0,13/1,29/1,41/1,45/2,55/2,60/2,75/2,88/2,99/2,104/2,107/2,125/2,144/2,157/2,172/2,182/2,186/2,196/2,196/2,chased,2020,1216541
13/0,19/0,26/0,41/0,52/0,58/0,64/0,82/0,93/0,100/0,120/0,130/0,138/0,154/0,160/0,161/2,165/3,175/4,187/5,201/6,9/0,14/1,20/1,27/1,37/2,45/2,61/3,63/3,91/3,96/3,105/4,112/4,117/5,126/6,126/8,131/8,132/10,132/10,132/10,132/10,defend,2020,1216542
3/1,10/1,12/2,20/2,33/2,47/2,52/2,61/2,68/2,79/2,86/2,97/3,104/3,112/3,129/3,132/4,143/4,148/4,153/5,161/7,10/0,21/0,37/1,40/2,43/2,50/2,59/2,67/2,81/2,85/2,95/3,99/4,110/4,115/5,123/5,125/5,133/5,137/6,140/7,148/8,defend,2020,1216543
11/0,18/0,26/0,31/1,38/1,46/1,51/2,55/2,63/2,72/2,75/2,81/2,86/2,97/2,101/2,114/2,125/2,132/3,138/5,145/6,1/0,14/0,25/0,40/0,46/0,48/1,53/1,59/1,71/1,82/1,91/1,105/1,111/1,116/2,127/2,131/2,136/2,140/2,150/2,150/2,chased,2020,1216544
6/0,8/0,22/0,24/1,33/1,40/1,45/1,49/1,59/1,61/2,68/2,76/2,82/2,93/2,99/2,110/2,118/2,127/3,133/3,142/4,6/0,12/1,24/1,38/1,43/2,52/2,55/3,60/3,67/3,72/3,80/3,89/3,97/3,102/3,113/3,120/3,131/3,145/3,145/3,145/3,chased,2020,1216545
13/0,16/0,25/0,32/1,44/1,53/1,58/1,68/1,74/2,83/2,90/2,94/2,103/2,108/3,117/3,126/3,139/3,145/4,157/4,164/5,8/0,13/0,19/1,24/1,50/1,57/3,62/3,72/3,87/3,101/3,112/3,120/3,130/4,137/4,141/4,148/5,151/5,157/5,167/5,167/5,chased,2020,1216546
8/0,16/0,26/0,35/0,49/0,59/0,65/0,74/0,81/1,85/1,88/1,91/1,96/2,110/2,123/2,136/2,154/2,164/3,181/3,201/3,32/1,34/2,41/3,42/3,49/3,53/3,59/4,70/4,76/4,81/4,95/4,101/5,107/5,116/5,130/5,140/5,167/5,189/5,201/5,219/6,unknown,2020,1216547
15/0,22/1,31/1,43/1,52/1,63/1,71/1,79/2,86/2,93/2,96/2,100/3,103/4,108/4,122/4,140/4,145/5,162/5,180/5,200/5,0/2,6/3,15/3,20/4,25/4,32/4,36/4,42/5,61/5,65/5,68/5,75/5,91/5,97/5,112/5,112/7,115/7,118/7,129/7,143/8,defend,2020,1237177
5/0,9/1,10/1,15/2,23/2,32/2,37/2,39/2,45/2,54/2,65/4,68/4,76/4,85/4,93/4,104/5,111/5,113/7,118/7,131/7,2/1,4/1,13/1,23/1,35/1,48/2,49/2,54/2,55/3,60/3,64/3,68/4,72/4,81/4,87/4,97/4,104/4,114/4,123/4,132/4,chased,2020,1237178
3/0,11/0,21/0,39/0,50/0,65/0,76/0,85/0,89/1,102/1,107/1,112/1,120/1,126/2,139/2,145/2,158/2,176/2,182/3,189/3,12/0,17/1,28/1,36/1,44/3,49/3,52/3,55/3,64/3,75/3,83/3,95/4,104/4,113/4,129/4,139/4,148/5,160/5,168/8,172/8,defend,2020,1237180
5/1,11/1,20/2,25/3,35/3,41/3,46/3,51/3,59/3,75/3,81/3,94/3,99/3,108/3,118/4,125/4,136/4,142/5,148/5,156/7,8/0,26/0,33/0,45/0,58/1,61/1,65/1,67/1,81/1,88/1,91/2,102/2,112/2,116/2,126/2,137/2,147/3,154/4,157/5,157/5,chased,2020,1237181
